explained_log_gdp_per_capita,explained_social_support,explained_healthy_life_expectancy,explained_freedom,explained_generosity,explained_corruption
2.2,1.357,0.549,0.71,0.149,0.418
1.304,1.14011859893799,0.5605,0.602,0.134,0.113
1.304,1.14011859893799,0.5605,0.602,0.134,0.113
1.21646368503571,1.40325677394867,1.00805294513702,0.42069947719574,0.266861796379089,0.09989845007658
1.304,1.14011859893799,0.5605,0.602,0.134,0.113
1.304,1.14011859893799,0.5605,0.602,0.134,0.113
1.304,1.14011859893799,0.5605,0.602,0.134,0.113
1.304,1.14011859893799,0.5605,0.602,0.134,0.113
1.304,1.14011859893799,0.5605,0.602,0.134,0.113
1.122,0.087,0.409,0.816,0.086,0.243
1.397,0.865,0.735,0.545,0.09,0.037
1.304,1.14011859893799,0.5605,0.602,0.134,0.113
0.853383600711823,1.22102761268616,0.838837742805481,0.555234551429749,0.115006476640701,0.0867533832788467
1.304,1.14011859893799,0.5605,0.602,0.134,0.113
1.23053526878357,1.4210991859436,1.05134308338165,0.425983816385269,0.165305480360985,0.109579779207706
1.304,1.14011859893799,0.5605,0.602,0.134,0.113
1.55,1.277,0.409,0.981,0.053,0.037
1.76,1.078,0.777,0.655,0.016,0.039
1.304,1.14011859893799,0.5605,0.602,0.134,0.113
1.592,1.102,0.662,0.555,0.081,0.085
1.304,1.14011859893799,0.5605,0.602,0.134,0.113
1.304,1.14011859893799,0.5605,0.602,0.134,0.113
1.823,1.544,0.477,0.693,0.158,0.05
0.592,0.902,0.242,0.477,0.175,0.111
0.588,0.938,0.341,0.292,0.131,0.118
1.304,1.14011859893799,0.5605,0.602,0.134,0.113
1.281,0.953,0.324,0.351,0.134,0.038
1.353,0.245,0.672,1.078,0.111,0.087
1.304,1.14011859893799,0.5605,0.602,0.134,0.113
1.304,1.14011859893799,0.5605,0.602,0.134,0.113
0.847198069095612,0.731193900108337,0.694657623767853,0.48549410700798,0.0476097352802753,0.174088075757027
1.304,1.14011859893799,0.5605,0.602,0.134,0.113
1.304,1.14011859893799,0.5605,0.602,0.134,0.113
1.304,1.14011859893799,0.5605,0.602,0.134,0.113
1.304,1.14011859893799,0.5605,0.602,0.134,0.113
1.909,1.184,0.857,0.485,0.147,0.402
1.939,1.392,0.542,0.586,0.223,0.169
0.537094414234161,0.799727261066437,0.154942512512207,0.397122532129288,0.169915586709976,0.0934957936406136
1.304,1.14011859893799,0.5605,0.602,0.134,0.113
1.707,0.865,0.702,0.209,0.087,0.115
1.304,1.14011859893799,0.5605,0.602,0.134,0.113
1.304,1.14011859893799,0.5605,0.602,0.134,0.113
1.304,1.14011859893799,0.5605,0.602,0.134,0.113
1.328,1.472,0.472,0.689,0.245,0.023
1.8,1.328,0.72,0.513,0.112,0.074
0.665,0.971,0.501,0.673,0.266,0.02
1.521,1.241,0.544,0.722,0.086,0.127
1.212,1.394,0.539,0.835,0.251,0.215
1.304,1.14011859893799,0.5605,0.602,0.134,0.113
1.304,1.14011859893799,0.5605,0.602,0.134,0.113
1.33,1.367,0.609,0.456,0.202,0.122
1.603,1.411,0.5,0.93,0.142,0.113
1.304,1.14011859893799,0.5605,0.602,0.134,0.113
1.304,1.14011859893799,0.5605,0.602,0.134,0.113
1.304,1.14011859893799,0.5605,0.602,0.134,0.113
1.304,1.14011859893799,0.5605,0.602,0.134,0.113
1.304,1.14011859893799,0.5605,0.602,0.134,0.113
1.304,1.14011859893799,0.5605,0.602,0.134,0.113
1.046,1.172,0.439,0.602,0.366,0.033
1.857,1.366,0.511,0.626,0.272,0.34
0.979,0.676,0.292,0.571,0.151,0.116
1.304,1.14011859893799,0.5605,0.602,0.134,0.113
1.304,1.14011859893799,0.5605,0.602,0.134,0.113
1.115,1.072,0.341,0.613,0.189,0.062
1.304,1.14011859893799,0.5605,0.602,0.134,0.113
1.304,1.14011859893799,0.5605,0.602,0.134,0.113
1.304,1.14011859893799,0.5605,0.602,0.134,0.113
0.836,0.787,0.214,0.607,0.234,0.269
1.304,1.14011859893799,0.5605,0.602,0.134,0.113
1.304,1.14011859893799,0.5605,0.602,0.134,0.113
0.633616745471954,0.75763601064682,0.458101123571396,0.386514395475388,0.117216013371944,0.118670783936977
1.304,1.14011859893799,0.5605,0.602,0.134,0.113
1.304,1.14011859893799,0.5605,0.602,0.134,0.113
1.089,0.352,0.468,0.373,0.118,0.172
1.304,1.14011859893799,0.5605,0.602,0.134,0.113
1.304,1.14011859893799,0.5605,0.602,0.134,0.113
1.684,1.699,0.592,0.702,0.031,0.123
1.304,1.14011859893799,0.5605,0.602,0.134,0.113
1.798,1.491,0.567,0.533,0.101,0.157
1.304,1.14011859893799,0.5605,0.602,0.134,0.113
1.867,1.143,0.75,0.597,0.289,0.329
1.304,1.14011859893799,0.5605,0.602,0.134,0.113
1.475,1.043,0.442,0.652,0.038,0.071
1.315,1.151,0.64,0.606,0.087,0.078
0.367,0.511,0.21,0.384,0.465,0.123
1.413,1.285,0.286,1.085,0.088,0.095
1.304,1.14011859893799,0.5605,0.602,0.134,0.113
1.289,0.682,0.554,0.328,0.147,0.046
1.304,1.14011859893799,0.5605,0.602,0.134,0.113
1.304,1.14011859893799,0.5605,0.602,0.134,0.113
0.95,0.405,0.355,0.431,0.13,0.146
1.2730610370636,1.45784497261047,0.975700080394745,0.525168657302856,0.373433440923691,0.322601646184921
1.324,1.191,0.568,0.247,0.091,0.2
1.304,1.14011859893799,0.5605,0.602,0.134,0.113
1.304,1.14011859893799,0.5605,0.602,0.134,0.113
1.304,1.14011859893799,0.5605,0.602,0.134,0.113
1.304,1.14011859893799,0.5605,0.602,0.134,0.113
1.304,1.14011859893799,0.5605,0.602,0.134,0.113
1.304,1.14011859893799,0.5605,0.602,0.134,0.113
1.122,0.249,0.513,0.775,0.14,0.167
1.376,1.074,0.788,0.509,0.208,0.119
1.304,1.14011859893799,0.5605,0.602,0.134,0.113
1.304,1.14011859893799,0.5605,0.602,0.134,0.113
1.304,1.14011859893799,0.5605,0.602,0.134,0.113
1.304,1.14011859893799,0.5605,0.602,0.134,0.113
1.374,1.269,0.372,0.639,0.275,0.045
1.304,1.14011859893799,0.5605,0.602,0.134,0.113
1.032,1.181,0.449,0.924,0.14,0.043
1.304,1.14011859893799,0.5605,0.602,0.134,0.113
1.98,1.46,0.39,0.557,0.21,0.172
1.423,1.062,0.757,0.58,0.34,0.306
1.304,1.14011859893799,0.5605,0.602,0.134,0.113
1.304,1.14011859893799,0.5605,0.602,0.134,0.113
1.32223522663116,1.43334770202637,0.986470460891724,0.650297701358795,0.27282789349556,0.442066371440887
1.766,1.17,0.413,1.109,0.161,0.112
0.990533411502838,1.13208067417145,0.86724853515625,0.601605117321014,0.079021044075489,0.117255553603172
1.908,1.52,0.699,0.823,0.204,0.548
1.232,1.146,0.441,0.826,0.099,0.136
1.304,1.14011859893799,0.5605,0.602,0.134,0.113
1.332,1.43,0.414,0.83,0.054,0.037
1.304,1.14011859893799,0.5605,0.602,0.134,0.113
0.183,0.634,0.196,0.608,0.228,0.163
1.719,1.006,0.655,0.605,0.039,0.006
1.304,1.14011859893799,0.5605,0.602,0.134,0.113
1.304,1.14011859893799,0.5605,0.602,0.134,0.113
1.304,1.14011859893799,0.5605,0.602,0.134,0.113
0.770238637924194,1.34854686260223,0.767025530338287,0.271717220544815,0.0871791541576385,0.0636247768998146
1.304,1.14011859893799,0.5605,0.602,0.134,0.113
1.304,1.14011859893799,0.5605,0.602,0.134,0.113
1.304,1.14011859893799,0.5605,0.602,0.134,0.113
0.840481340885162,1.18396282196045,0.672709167003632,0.557280421257019,0.325286865234375,0.0085590239614248
1.476,0.943,0.606,0.477,0.106,0.179
1.449,0.951,0.48,0.549,0.133,0.037
1.304,1.14011859893799,0.5605,0.602,0.134,0.113
1.261,1.275,0.589,0.503,0.1,0.069
1.304,1.14011859893799,0.5605,0.602,0.134,0.113
1.304,1.14011859893799,0.5605,0.602,0.134,0.113
1.304,1.14011859893799,0.5605,0.602,0.134,0.113
1.304,1.14011859893799,0.5605,0.602,0.134,0.113
1.304,1.14011859893799,0.5605,0.602,0.134,0.113
1.304,1.14011859893799,0.5605,0.602,0.134,0.113
1.304,1.14011859893799,0.5605,0.602,0.134,0.113
1.304,1.14011859893799,0.5605,0.602,0.134,0.113
0.902140438556671,1.25908625125885,0.407034069299698,0.434781819581985,0.126406848430634,0.0595021396875381
1.304,1.14011859893799,0.5605,0.602,0.134,0.113
1.304,1.14011859893799,0.5605,0.602,0.134,0.113
1.767,1.474,0.477,0.511,0.12,0.139
1.304,1.14011859893799,0.5605,0.602,0.134,0.113
2.028,1.534,1.017,1.035,0.148,0.452
1.304,1.14011859893799,0.5605,0.602,0.134,0.113
2.149,1.127,0.851,0.672,0.163,0.587
1.304,1.14011859893799,0.5605,0.602,0.134,0.113
1.21279942989349,1.14917075634003,1.02612459659576,0.459385871887207,0.227932333946228,0.0512071438133717
1.304,1.14011859893799,0.5605,0.602,0.134,0.113
1.304,1.14011859893799,0.5605,0.602,0.134,0.113
1.375,1.057,0.826,0.462,0.135,0.124
1.304,1.14011859893799,0.5605,0.602,0.134,0.113
1.798,1.526,0.494,0.728,0.153,0.372
1.304,1.14011859893799,0.5605,0.602,0.134,0.113
1.304,1.14011859893799,0.5605,0.602,0.134,0.113
1.304,1.14011859893799,0.5605,0.602,0.134,0.113
1.304,1.14011859893799,0.5605,0.602,0.134,0.113
1.304,1.14011859893799,0.5605,0.602,0.134,0.113
1.304,1.14011859893799,0.5605,0.602,0.134,0.113
0.0,1.257,0.341,0.369,0.205,0.084
1.919,1.401,0.539,0.618,0.153,0.365
0.632,0.779,0.178,0.187,0.177,0.134
1.304,1.14011859893799,0.5605,0.602,0.134,0.113
1.304,1.14011859893799,0.5605,0.602,0.134,0.113
1.304,1.14011859893799,0.5605,0.602,0.134,0.113
1.826,1.221,0.818,0.568,0.155,0.143
1.304,1.14011859893799,0.5605,0.602,0.134,0.113
1.304,1.14011859893799,0.5605,0.602,0.134,0.113
1.51,1.375,0.698,1.147,0.039,0.207
1.921,1.51,0.562,0.754,0.225,0.52
1.304,1.14011859893799,0.5605,0.602,0.134,0.113
1.638,1.742,0.587,0.681,0.099,0.057
1.304,1.14011859893799,0.5605,0.602,0.134,0.113
1.304,1.14011859893799,0.5605,0.602,0.134,0.113
1.795,1.257,0.799,0.478,0.023,0.064
1.304,1.14011859893799,0.5605,0.602,0.134,0.113
1.791,1.592,0.814,0.856,0.179,0.28
1.363,0.97,0.643,0.146,0.106,0.15
1.662,0.963,0.905,0.793,0.089,0.161
1.19355964660645,1.43286573886871,0.795421183109283,0.420460790395737,0.0536910407245159,0.0813502743840218
1.28,1.324,0.567,0.647,0.089,0.028
1.304,1.14011859893799,0.5605,0.602,0.134,0.113
1.304,1.14011859893799,0.5605,0.602,0.134,0.113
1.304,1.14011859893799,0.5605,0.602,0.134,0.113
1.304,1.14011859893799,0.5605,0.602,0.134,0.113
1.304,1.14011859893799,0.5605,0.602,0.134,0.113
1.304,1.066,0.653,0.468,0.107,0.018
1.51,1.249,0.468,0.666,0.115,0.145
1.304,1.14011859893799,0.5605,0.602,0.134,0.113
0.896,0.328,0.37,0.172,0.128,0.16
1.304,1.14011859893799,0.5605,0.602,0.134,0.113
1.304,1.14011859893799,0.5605,0.602,0.134,0.113
1.304,1.14011859893799,0.5605,0.602,0.134,0.113
1.304,1.14011859893799,0.5605,0.602,0.134,0.113
1.786,1.502,0.695,0.789,0.157,0.131
1.299,1.32,0.702,0.712,0.058,0.066
0.616799473762512,0.872979581356049,0.469933241605759,0.405421733856201,0.228705063462257,0.122592121362686
1.304,1.14011859893799,0.5605,0.602,0.134,0.113
1.304,1.14011859893799,0.5605,0.602,0.134,0.113
1.304,1.14011859893799,0.5605,0.602,0.134,0.113
1.854,1.461,0.692,0.756,0.225,0.323
1.304,1.14011859893799,0.5605,0.602,0.134,0.113
1.304,1.14011859893799,0.5605,0.602,0.134,0.113
1.304,1.14011859893799,0.5605,0.602,0.134,0.113
1.304,1.14011859893799,0.5605,0.602,0.134,0.113
1.304,1.14011859893799,0.5605,0.602,0.134,0.113
1.28518950939178,1.49952590465546,0.961271405220032,0.662316739559174,0.159670442342758,0.477857261896133
1.028,0.944,0.571,0.514,0.142,0.117
1.702,1.175,0.631,0.202,0.068,0.115
1.304,1.14011859893799,0.5605,0.602,0.134,0.113
1.304,1.14011859893799,0.5605,0.602,0.134,0.113
1.081,0.657,0.158,0.511,0.141,0.102
1.032,1.715,0.647,0.981,0.169,0.053
1.81,1.527,0.673,0.746,0.226,0.48
1.73,1.583,0.817,0.76,0.057,0.187
1.304,1.14011859893799,0.5605,0.602,0.134,0.113
1.411,1.081,0.583,0.473,0.188,0.017
0.768,0.814,0.107,0.419,0.188,0.113
1.304,1.14011859893799,0.5605,0.602,0.134,0.113
1.304,1.14011859893799,0.5605,0.602,0.134,0.113
1.304,1.14011859893799,0.5605,0.602,0.134,0.113
1.615,1.18,0.672,0.665,0.103,0.265
1.748,1.413,0.49,0.884,0.109,0.0
0.425564020872116,1.04783523082733,0.375037610530853,0.377404719591141,0.151349186897278,0.0809285789728165
1.715,1.107,0.709,0.592,0.049,0.051
1.21279942989349,1.18308913707733,1.02612459659576,0.477885723114014,0.199160054326057,0.199802905321121
1.304,1.14011859893799,0.5605,0.602,0.134,0.113
1.304,1.14011859893799,0.5605,0.602,0.134,0.113
1.888,1.585,0.535,0.772,0.126,0.535
1.907,1.449,0.528,0.59,0.137,0.273
1.256,0.88,0.555,0.627,0.112,0.064
1.304,1.14011859893799,0.5605,0.602,0.134,0.113
1.02932250499725,0.886271178722382,0.749053835868835,0.301195472478867,0.276978939771652,0.14265151321888
1.304,1.14011859893799,0.5605,0.602,0.134,0.113
1.304,1.14011859893799,0.5605,0.602,0.134,0.113
1.304,1.14011859893799,0.5605,0.602,0.134,0.113
0.268116265535355,0.547622859477997,0.342731177806854,0.303539037704468,0.200774252414703,0.114826455712318
1.304,1.14011859893799,0.5605,0.602,0.134,0.113
1.06,0.614,0.581,0.622,0.125,0.187
1.144,1.309,0.5605,0.416,0.065,0.067
1.525,0.841,0.893,0.408,0.232,0.342
1.304,1.14011859893799,0.5605,0.602,0.134,0.113
1.304,1.14011859893799,0.5605,0.602,0.134,0.113
1.304,1.14011859893799,0.5605,0.602,0.134,0.113
1.108,0.778,0.459,1.006,0.145,0.251
0.927,0.751,0.392,0.607,0.152,0.069
1.304,1.14011859893799,0.5605,0.602,0.134,0.113
1.304,1.14011859893799,0.5605,0.602,0.134,0.113
0.730576157569885,0.644198656082153,0.540570139884949,0.581142246723175,0.237072482705116,0.105587981641293
0.780434608459473,1.3213164806366,0.698674380779266,0.319423705339432,0.178551316261292,0.0096511598676443
1.182,1.545,0.504,0.869,0.075,0.019
0.982,0.759,0.417,0.529,0.136,0.046
1.869,1.594,0.72,1.045,0.106,0.081
1.304,1.14011859893799,0.5605,0.602,0.134,0.113
1.304,1.14011859893799,0.5605,0.602,0.134,0.113
1.692,1.716,0.658,0.916,0.118,0.084
1.181,1.055,0.583,0.494,0.125,0.005
0.255,0.353,0.0,0.24,0.215,0.084
1.89,1.372,0.492,0.562,0.067,0.178
1.304,1.14011859893799,0.5605,0.602,0.134,0.113
1.168421626091,1.17400228977203,0.788511872291565,0.596941530704498,0.274886161088943,0.062163133174181
1.304,1.14011859893799,0.5605,0.602,0.134,0.113
1.304,1.14011859893799,0.5605,0.602,0.134,0.113
0.457,0.649,0.243,0.359,0.157,0.075
0.692,1.292,0.431,0.549,0.084,0.109
1.537,1.385,0.424,0.563,0.17,0.061
1.861,1.37,0.351,0.682,0.093,0.17
1.304,1.14011859893799,0.5605,0.602,0.134,0.113
1.304,1.14011859893799,0.5605,0.602,0.134,0.113
1.304,1.14011859893799,0.5605,0.602,0.134,0.113
1.304,1.14011859893799,0.5605,0.602,0.134,0.113
1.304,1.14011859893799,0.5605,0.602,0.134,0.113
1.304,1.14011859893799,0.5605,0.602,0.134,0.113
1.304,1.14011859893799,0.5605,0.602,0.134,0.113
0.914,0.327,0.215,0.117,0.129,0.145
1.304,1.14011859893799,0.5605,0.602,0.134,0.113
1.304,1.14011859893799,0.5605,0.602,0.134,0.113
1.586,1.688,0.504,0.878,0.111,0.118
1.691,1.481,0.766,0.934,0.143,0.167
0.364,0.472,0.179,0.381,0.182,0.122
2.162,1.465,0.981,1.056,0.111,0.382
1.166,0.653,0.417,0.767,0.174,0.122
1.304,1.14011859893799,0.5605,0.602,0.134,0.113
1.304,1.14011859893799,0.5605,0.602,0.134,0.113
1.982,1.182,0.628,0.574,0.22,0.177
1.304,1.14011859893799,0.5605,0.602,0.134,0.113
1.304,1.14011859893799,0.5605,0.602,0.134,0.113
1.304,1.14011859893799,0.5605,0.602,0.134,0.113
1.304,1.14011859893799,0.5605,0.602,0.134,0.113
1.304,1.14011859893799,0.5605,0.602,0.134,0.113
0.758,0.0,0.289,0.0,0.089,0.005
1.304,1.14011859893799,0.5605,0.602,0.134,0.113
1.304,1.14011859893799,0.5605,0.602,0.134,0.113
1.684,1.276,0.696,0.337,0.018,0.093
1.304,1.14011859893799,0.5605,0.602,0.134,0.113
1.287,1.188,0.31,0.631,0.106,0.066
1.48,0.982,0.665,0.49,0.142,0.139
1.444,1.275,0.482,0.844,0.0,0.172
1.558,0.862,0.521,0.727,0.022,0.097
0.979,0.958,0.517,0.417,0.181,0.01
0.162,0.402,0.167,0.516,0.2,0.157
1.304,1.14011859893799,0.5605,0.602,0.134,0.113
1.304,1.14011859893799,0.5605,0.602,0.134,0.113
1.32747054100037,1.3577606678009,0.878437995910645,0.449404388666153,0.150598704814911,0.131516352295876
1.304,1.14011859893799,0.5605,0.602,0.134,0.113
1.951,1.52,0.988,0.99,0.107,0.296
1.852,1.235,0.752,0.68,0.245,0.483
1.304,1.14011859893799,0.5605,0.602,0.134,0.113
1.304,1.14011859893799,0.5605,0.602,0.134,0.113
0.561,0.628,0.137,0.54,0.154,0.14
1.167,0.376,0.471,0.647,0.198,0.123
1.329,1.615,0.291,0.921,0.097,0.063
1.301,1.083,0.615,0.454,0.067,0.04
1.091,1.035,0.502,0.72,0.175,0.081
1.16430711746216,1.42300939559937,0.806793868541718,0.386401802301407,0.0704912394285202,0.0275481734424829
0.637,0.423,0.322,0.418,0.252,0.097
1.304,1.14011859893799,0.5605,0.602,0.134,0.113
1.304,1.14011859893799,0.5605,0.602,0.134,0.113
1.304,1.14011859893799,0.5605,0.602,0.134,0.113
1.241,0.992,0.511,0.409,0.115,0.06
1.304,1.14011859893799,0.5605,0.602,0.134,0.113
1.714,1.148,0.467,0.125,0.095,0.096
1.304,1.14011859893799,0.5605,0.602,0.134,0.113
1.466,1.134,0.443,0.551,0.053,0.16
1.304,1.14011859893799,0.5605,0.602,0.134,0.113
2.015,1.223,0.401,0.745,0.188,0.247
1.304,1.14011859893799,0.5605,0.602,0.134,0.113
1.455,1.213,0.486,0.562,0.08,0.068
1.304,1.14011859893799,0.5605,0.602,0.134,0.113
1.703,0.98,0.774,0.249,0.015,0.108
1.304,1.14011859893799,0.5605,0.602,0.134,0.113
1.304,1.14011859893799,0.5605,0.602,0.134,0.113
1.858,1.414,1.041,0.875,0.019,0.202
1.304,1.14011859893799,0.5605,0.602,0.134,0.113
0.539684891700745,1.11332356929779,0.425184816122055,0.185714483261108,0.128899663686752,0.122257634997368
1.304,1.14011859893799,0.5605,0.602,0.134,0.113
1.304,1.14011859893799,0.5605,0.602,0.134,0.113
1.304,1.14011859893799,0.5605,0.602,0.134,0.113
1.02191376686096,1.19628369808197,0.615626633167267,0.451354056596756,0.142757698893547,0.172258079051971
1.304,1.14011859893799,0.5605,0.602,0.134,0.113
1.388,1.055,0.606,0.853,0.053,0.174
1.304,1.14011859893799,0.5605,0.602,0.134,0.113
1.304,1.14011859893799,0.5605,0.602,0.134,0.113
1.752,1.527,0.657,0.805,0.166,0.401
0.839,0.848,0.0,0.419,0.076,0.018
1.304,1.14011859893799,0.5605,0.602,0.134,0.113
1.304,1.14011859893799,0.5605,0.602,0.134,0.113
1.484,1.347,0.62,0.756,0.283,0.024
0.897990822792053,1.36819756031036,0.735869646072388,0.586510062217712,0.204299241304398,0.0650773793458939
1.819,1.625,0.633,0.785,0.103,0.056
0.75,0.684,0.33,0.459,0.324,0.048
1.304,1.14011859893799,0.5605,0.602,0.134,0.113
1.304,1.14011859893799,0.5605,0.602,0.134,0.113
1.371,1.18,0.662,0.615,0.078,0.029
0.536833763122559,0.89603728055954,0.363593339920044,0.491317540407181,0.250620901584625,0.0867052376270294
1.437,1.241,0.648,0.644,0.072,0.059
1.304,1.14011859893799,0.5605,0.602,0.134,0.113
1.025,0.841,0.541,0.526,0.043,0.276
0.771,0.322,0.36,0.292,0.174,0.132
1.53667604923248,1.38752841949463,0.986442685127258,0.610137045383453,0.195953920483589,0.3670414686203
1.236,0.535,0.337,0.54,0.013,0.085
1.304,1.14011859893799,0.5605,0.602,0.134,0.113
1.794,1.217,0.744,0.529,0.124,0.049
1.304,1.14011859893799,0.5605,0.602,0.134,0.113
0.507,0.058,0.196,0.457,0.166,0.178
1.304,1.14011859893799,0.5605,0.602,0.134,0.113
1.304,1.14011859893799,0.5605,0.602,0.134,0.113
1.162,0.98,0.646,0.544,0.069,0.067
1.304,1.14011859893799,0.5605,0.602,0.134,0.113
1.304,1.14011859893799,0.5605,0.602,0.134,0.113
1.971,1.72,0.996,1.105,0.187,0.187
1.632,1.424,0.694,1.087,0.195,0.029
1.51958012580872,1.39545691013336,1.13781428337097,0.635317206382751,0.218770906329155,0.533162236213684
1.304,1.14011859893799,0.5605,0.602,0.134,0.113
1.077,0.747,0.36,0.623,0.183,0.028
1.386,1.224,0.387,0.651,0.042,0.086
1.304,1.14011859893799,0.5605,0.602,0.134,0.113
1.749,1.647,0.832,0.813,0.168,0.323
1.304,1.14011859893799,0.5605,0.602,0.134,0.113
1.304,1.14011859893799,0.5605,0.602,0.134,0.113
1.304,1.14011859893799,0.5605,0.602,0.134,0.113
1.304,1.14011859893799,0.5605,0.602,0.134,0.113
1.625,1.163,0.64,0.563,0.123,0.021
1.616,1.369,0.673,0.651,0.117,0.075
0.892,0.622,0.306,0.523,0.124,0.138
1.304,1.14011859893799,0.5605,0.602,0.134,0.113
1.804,1.204,0.659,0.496,0.053,0.077
1.304,1.14011859893799,0.5605,0.602,0.134,0.113
1.304,1.14011859893799,0.5605,0.602,0.134,0.113
1.587,1.34,0.503,0.683,0.099,0.116
1.498,1.171,0.408,0.515,0.207,0.02
1.304,1.14011859893799,0.5605,0.602,0.134,0.113
1.304,1.14011859893799,0.5605,0.602,0.134,0.113
1.304,1.14011859893799,0.5605,0.602,0.134,0.113
1.41,0.741,0.642,0.281,0.241,0.146
1.43108642101288,1.25117099285126,0.787814438343048,0.652936100959778,0.280655980110168,0.220213517546654
0.68,0.595,0.287,0.517,0.268,0.058
1.304,1.14011859893799,0.5605,0.602,0.134,0.113
1.03,0.557,0.561,0.275,0.33,0.144
1.278,1.533,0.631,1.012,0.039,0.174
0.228,0.58,0.253,0.43,0.221,0.057
1.304,1.14011859893799,0.5605,0.602,0.134,0.113
0.952679872512817,1.36346411705017,0.766119062900543,0.483292728662491,0.131674587726593,0.106518603861332
1.497,1.239,0.629,0.704,0.132,0.164
0.315125644207001,1.00110328197479,0.483846247196198,0.412566870450974,0.227698102593422,0.117437034845352
0.82,0.706,0.38,0.709,0.191,0.257
1.304,1.14011859893799,0.5605,0.602,0.134,0.113
1.409,0.899,0.662,0.661,0.246,0.139
1.304,1.14011859893799,0.5605,0.602,0.134,0.113
1.304,1.14011859893799,0.5605,0.602,0.134,0.113
0.864,0.326,0.299,0.812,0.109,0.143
1.304,1.14011859893799,0.5605,0.602,0.134,0.113
1.304,1.14011859893799,0.5605,0.602,0.134,0.113
1.535,1.096,0.697,0.617,0.321,0.026
1.304,1.14011859893799,0.5605,0.602,0.134,0.113
1.304,1.14011859893799,0.5605,0.602,0.134,0.113
1.304,1.14011859893799,0.5605,0.602,0.134,0.113
1.336,1.731,0.423,0.629,0.18,0.053
1.304,1.14011859893799,0.5605,0.602,0.134,0.113
1.304,1.14011859893799,0.5605,0.602,0.134,0.113
1.304,1.14011859893799,0.5605,0.602,0.134,0.113
1.927,1.382,0.535,0.63,0.191,0.31
1.2,1.099,0.508,0.887,0.117,0.075
1.304,1.14011859893799,0.5605,0.602,0.134,0.113
1.304,1.14011859893799,0.5605,0.602,0.134,0.113
2.057,1.626,0.983,1.092,0.157,0.413
1.787,1.479,0.818,0.975,0.039,0.042
1.304,1.14011859893799,0.5605,0.602,0.134,0.113
1.333,0.981,0.422,0.259,0.022,0.016
1.304,1.14011859893799,0.5605,0.602,0.134,0.113
1.304,1.14011859893799,0.5605,0.602,0.134,0.113
1.304,1.14011859893799,0.5605,0.602,0.134,0.113
1.304,1.14011859893799,0.5605,0.602,0.134,0.113
1.304,1.14011859893799,0.5605,0.602,0.134,0.113
1.31728553771973,1.43744492530823,1.00093352794647,0.603368878364563,0.25550976395607,0.281256139278412
1.709,1.485,0.68,0.935,0.073,0.142
1.21232235431671,1.40528666973114,0.89456444978714,0.505744576454163,0.0463259294629097,0.0498032234609127
1.304,1.14011859893799,0.5605,0.602,0.134,0.113
1.304,1.14011859893799,0.5605,0.602,0.134,0.113
1.304,1.14011859893799,0.5605,0.602,0.134,0.113
1.304,1.14011859893799,0.5605,0.602,0.134,0.113
1.265,1.08,0.549,0.816,0.083,0.253
1.304,1.14011859893799,0.5605,0.602,0.134,0.113
1.304,1.14011859893799,0.5605,0.602,0.134,0.113
1.957,0.954,0.942,0.4,0.147,0.383
1.304,1.14011859893799,0.5605,0.602,0.134,0.113
1.398,1.408,0.549,0.788,0.131,0.065
1.304,1.14011859893799,0.5605,0.602,0.134,0.113
1.133,0.513,0.355,0.617,0.139,0.165
1.068,0.772,0.535,0.45,0.212,0.022
1.304,1.14011859893799,0.5605,0.602,0.134,0.113
1.304,1.14011859893799,0.5605,0.602,0.134,0.113
1.304,1.14011859893799,0.5605,0.602,0.134,0.113
1.304,1.14011859893799,0.5605,0.602,0.134,0.113
1.292,0.877,0.354,0.384,0.067,0.071
1.304,1.14011859893799,0.5605,0.602,0.134,0.113
1.435,0.964,0.571,0.603,0.09,0.163
0.919,0.515,0.59,0.334,0.057,0.044
1.642,1.351,0.531,0.551,0.138,0.121
1.304,1.14011859893799,0.5605,0.602,0.134,0.113
1.304,1.14011859893799,0.5605,0.602,0.134,0.113
2.118,1.361,0.769,0.743,0.168,0.575
1.304,1.14011859893799,0.5605,0.602,0.134,0.113
1.304,1.14011859893799,0.5605,0.602,0.134,0.113
1.323,0.939,0.76,0.621,0.029,0.033
1.304,1.14011859893799,0.5605,0.602,0.134,0.113
1.304,1.14011859893799,0.5605,0.602,0.134,0.113
1.304,1.14011859893799,0.5605,0.602,0.134,0.113
1.959,1.446,0.933,0.879,0.107,0.179
1.304,1.14011859893799,0.5605,0.602,0.134,0.113
1.304,1.14011859893799,0.5605,0.602,0.134,0.113
1.304,1.14011859893799,0.5605,0.602,0.134,0.113
1.304,1.14011859893799,0.5605,0.602,0.134,0.113
1.304,1.14011859893799,0.5605,0.602,0.134,0.113
1.304,1.14011859893799,0.5605,0.602,0.134,0.113
1.304,1.14011859893799,0.5605,0.602,0.134,0.113
1.304,1.14011859893799,0.5605,0.602,0.134,0.113
0.932203710079193,1.3344509601593,0.81002014875412,0.52689003944397,0.0923740938305855,0.0458483695983887
0.966,1.065,0.442,0.397,0.263,0.053
1.926,1.62,0.559,0.738,0.25,0.187
1.106,0.879,0.555,0.581,0.101,0.144
1.266,1.212,0.307,0.47,0.069,0.061
1.304,1.14011859893799,0.5605,0.602,0.134,0.113
1.304,1.14011859893799,0.5605,0.602,0.134,0.113
0.762,1.342,0.396,0.751,0.148,0.05
1.304,1.14011859893799,0.5605,0.602,0.134,0.113
1.507,1.551,0.618,0.768,0.075,0.138
1.428,1.03,0.707,0.785,0.076,0.179
1.304,1.14011859893799,0.5605,0.602,0.134,0.113
1.304,1.14011859893799,0.5605,0.602,0.134,0.113
1.555,0.86,0.594,0.67,0.236,0.223
1.87,1.092,0.577,0.651,0.078,0.18
1.403,1.038,0.344,0.516,0.045,0.1
1.304,1.14011859893799,0.5605,0.602,0.134,0.113
1.304,1.14011859893799,0.5605,0.602,0.134,0.113
1.901,1.462,0.706,0.725,0.247,0.372
1.05,0.853,0.393,0.807,0.223,0.042
1.304,1.14011859893799,0.5605,0.602,0.134,0.113
1.803,1.513,0.74,0.641,0.153,0.193
1.304,1.14011859893799,0.5605,0.602,0.134,0.113
1.304,1.14011859893799,0.5605,0.602,0.134,0.113
1.33432853221893,1.30995011329651,0.759818136692047,0.548477470874786,0.0874406844377518,0.163322314620018
1.304,1.14011859893799,0.5605,0.602,0.134,0.113
1.808,1.211,0.808,0.505,0.101,0.149
1.304,1.14011859893799,0.5605,0.602,0.134,0.113
1.208,0.846,0.423,0.796,0.17,0.167
1.304,1.14011859893799,0.5605,0.602,0.134,0.113
1.409,1.13,0.624,0.629,0.171,0.059
1.353,1.298,0.409,0.252,0.073,0.152
1.304,1.14011859893799,0.5605,0.602,0.134,0.113
1.304,1.14011859893799,0.5605,0.602,0.134,0.113
1.285,0.694,0.45,0.84,0.1,0.176
1.304,1.14011859893799,0.5605,0.602,0.134,0.113
1.304,1.14011859893799,0.5605,0.602,0.134,0.113
1.304,1.14011859893799,0.5605,0.602,0.134,0.113
1.304,1.14011859893799,0.5605,0.602,0.134,0.113
1.535,1.24,0.605,0.849,0.055,0.01
1.438,1.021,0.183,0.346,0.036,0.102
1.304,1.14011859893799,0.5605,0.602,0.134,0.113
1.304,1.14011859893799,0.5605,0.602,0.134,0.113
1.552,0.886,0.623,0.621,0.092,0.115
1.708,1.247,0.535,0.248,0.008,0.097
1.304,1.14011859893799,0.5605,0.602,0.134,0.113
1.304,1.14011859893799,0.5605,0.602,0.134,0.113
1.304,1.14011859893799,0.5605,0.602,0.134,0.113
1.304,1.14011859893799,0.5605,0.602,0.134,0.113
1.304,1.14011859893799,0.5605,0.602,0.134,0.113
0.853,0.828,0.426,0.651,0.125,0.126
1.467,1.361,0.429,0.485,0.247,0.008
1.304,1.14011859893799,0.5605,0.602,0.134,0.113
2.168,1.354,0.607,0.66,0.17,0.561
1.815,1.63,0.564,0.847,0.056,0.065
1.304,1.14011859893799,0.5605,0.602,0.134,0.113
1.768,1.587,0.47,0.881,0.059,0.003
1.304,1.14011859893799,0.5605,0.602,0.134,0.113
1.304,1.14011859893799,0.5605,0.602,0.134,0.113
1.304,1.14011859893799,0.5605,0.602,0.134,0.113
1.023,0.919,0.516,0.454,0.113,0.195
1.994,1.521,0.544,0.752,0.212,0.463
1.304,1.14011859893799,0.5605,0.602,0.134,0.113
1.304,1.14011859893799,0.5605,0.602,0.134,0.113
1.304,1.14011859893799,0.5605,0.602,0.134,0.113
1.349,1.212,0.381,0.741,0.134,0.122
1.304,1.14011859893799,0.5605,0.602,0.134,0.113
1.304,1.14011859893799,0.5605,0.602,0.134,0.113
1.304,1.14011859893799,0.5605,0.602,0.134,0.113
1.32,1.349,0.74,1.03,0.097,0.278
1.304,1.14011859893799,0.5605,0.602,0.134,0.113
1.371,1.122,0.696,0.841,0.103,0.057
1.304,1.14011859893799,0.5605,0.602,0.134,0.113
1.304,1.14011859893799,0.5605,0.602,0.134,0.113
1.249,0.996,0.498,0.425,0.141,0.048
1.304,1.14011859893799,0.5605,0.602,0.134,0.113
1.41,1.036,0.044,0.579,0.055,0.137
1.304,1.14011859893799,0.5605,0.602,0.134,0.113
0.603,0.68,0.426,0.702,0.21,0.061
1.304,1.14011859893799,0.5605,0.602,0.134,0.113
1.304,1.14011859893799,0.5605,0.602,0.134,0.113
1.824,1.224,0.58,0.455,0.104,0.05
1.815,1.178,0.77,0.555,0.126,0.158
1.304,1.14011859893799,0.5605,0.602,0.134,0.113
1.737,1.505,0.405,0.58,0.107,0.071
1.252,0.932,0.611,0.707,0.143,0.105
0.99,0.82,0.593,0.559,0.239,0.049
1.562,1.381,0.585,0.681,0.087,0.08
1.998,0.98,0.633,0.702,0.204,0.25
0.0,0.968,0.578,0.283,0.225,0.082
1.832,1.365,0.559,0.438,0.097,0.063
1.304,1.14011859893799,0.5605,0.602,0.134,0.113
0.944,0.986,0.302,0.662,0.099,0.06
1.304,1.14011859893799,0.5605,0.602,0.134,0.113
1.554,1.654,0.523,0.913,0.078,0.197
1.304,1.14011859893799,0.5605,0.602,0.134,0.113
0.747,0.688,0.267,0.586,0.12,0.09
1.304,1.14011859893799,0.5605,0.602,0.134,0.113
1.69,1.685,0.894,0.734,0.112,0.18
0.528,0.552,0.231,0.487,0.227,0.074
1.304,1.14011859893799,0.5605,0.602,0.134,0.113
1.304,1.14011859893799,0.5605,0.602,0.134,0.113
0.556156277656555,0.868800580501556,0.694940507411957,0.604130566120148,0.176745116710663,0.176735907793045
1.304,1.14011859893799,0.5605,0.602,0.134,0.113
1.304,1.14011859893799,0.5605,0.602,0.134,0.113
1.304,1.14011859893799,0.5605,0.602,0.134,0.113
1.304,1.14011859893799,0.5605,0.602,0.134,0.113
0.678090929985046,1.09817826747894,0.495443075895309,0.597478866577148,0.56981372833252,0.187530353665352
1.304,1.14011859893799,0.5605,0.602,0.134,0.113
1.304,1.14011859893799,0.5605,0.602,0.134,0.113
1.309,0.982,0.668,0.558,0.08,0.13
1.304,1.14011859893799,0.5605,0.602,0.134,0.113
1.304,1.14011859893799,0.5605,0.602,0.134,0.113
0.906653046607971,0.830483913421631,0.846329629421234,0.46194589138031,0.171027764678001,0.0253612846136093
1.304,1.14011859893799,0.5605,0.602,0.134,0.113
1.304,1.14011859893799,0.5605,0.602,0.134,0.113
1.007,1.135,0.0,0.741,0.057,0.069
1.856,1.433,0.566,0.582,0.083,0.27
1.304,1.14011859893799,0.5605,0.602,0.134,0.113
1.425,1.302,0.375,0.61,0.093,0.02
1.304,1.14011859893799,0.5605,0.602,0.134,0.113
1.292,0.98,0.438,0.517,0.056,0.173
0.329,0.831,0.272,0.268,0.092,0.089
1.0101500749588,1.26565790176392,0.839028894901276,0.303223848342896,0.149010330438614,0.0984351113438606
1.304,1.14011859893799,0.5605,0.602,0.134,0.113
1.304,1.14011859893799,0.5605,0.602,0.134,0.113
1.304,1.14011859893799,0.5605,0.602,0.134,0.113
1.304,1.14011859893799,0.5605,0.602,0.134,0.113
1.834,1.562,0.737,0.675,0.022,0.095
1.304,1.14011859893799,0.5605,0.602,0.134,0.113
1.148,0.957,0.521,0.336,0.073,0.079
0.67,0.645,0.378,0.202,0.143,0.154
1.304,1.14011859893799,0.5605,0.602,0.134,0.113
1.304,1.14011859893799,0.5605,0.602,0.134,0.113
1.304,1.14011859893799,0.5605,0.602,0.134,0.113
1.304,1.14011859893799,0.5605,0.602,0.134,0.113
1.304,1.14011859893799,0.5605,0.602,0.134,0.113
0.707916796207428,1.23731219768524,0.713299453258514,0.389571487903595,0.174049183726311,0.0143787441775203
1.304,1.14011859893799,0.5605,0.602,0.134,0.113
1.304,1.14011859893799,0.5605,0.602,0.134,0.113
1.304,1.14011859893799,0.5605,0.602,0.134,0.113
1.619,1.711,0.503,0.789,0.108,0.082
0.628,0.823,0.333,0.25,0.172,0.123
1.304,1.14011859893799,0.5605,0.602,0.134,0.113
1.907,1.435,0.95,0.83,0.09,0.24
1.304,1.14011859893799,0.5605,0.602,0.134,0.113
0.899,0.809,0.264,0.727,0.168,0.109
1.304,1.14011859893799,0.5605,0.602,0.134,0.113
1.051,0.881,0.19,0.418,0.291,0.055
1.304,1.14011859893799,0.5605,0.602,0.134,0.113
0.628,0.644,0.141,0.471,0.219,0.071
0.693,0.904,0.604,0.553,0.201,0.176
1.304,1.14011859893799,0.5605,0.602,0.134,0.113
1.304,1.14011859893799,0.5605,0.602,0.134,0.113
1.304,1.14011859893799,0.5605,0.602,0.134,0.113
1.304,1.14011859893799,0.5605,0.602,0.134,0.113
1.304,1.14011859893799,0.5605,0.602,0.134,0.113
1.304,1.14011859893799,0.5605,0.602,0.134,0.113
1.297,0.961,0.507,0.932,0.123,0.035
1.304,1.14011859893799,0.5605,0.602,0.134,0.113
1.29584276676178,1.39867758750916,0.964901149272919,0.499805420637131,0.146966159343719,0.208724051713943
0.718092381954193,1.25307476520538,0.819133996963501,0.650835573673248,0.136488720774651,0.0898484587669373
1.242,1.335,0.5605,0.742,0.073,0.095
1.289,1.126,0.145,0.383,0.069,0.071
1.304,1.14011859893799,0.5605,0.602,0.134,0.113
1.4,1.094,0.785,0.665,0.276,0.445
1.304,1.14011859893799,0.5605,0.602,0.134,0.113
1.951,1.201,0.702,0.407,0.123,0.39
1.304,1.14011859893799,0.5605,0.602,0.134,0.113
1.343,1.173,0.476,0.56,0.079,0.069
2.022,1.463,0.582,0.678,0.151,0.475
1.304,1.14011859893799,0.5605,0.602,0.134,0.113
1.304,1.14011859893799,0.5605,0.602,0.134,0.113
0.518,0.392,0.307,0.381,0.144,0.124
1.139,0.635,0.585,0.748,0.031,0.095
1.304,1.14011859893799,0.5605,0.602,0.134,0.113
1.304,1.14011859893799,0.5605,0.602,0.134,0.113
1.268,0.912,0.514,0.678,0.107,0.142
1.304,1.14011859893799,0.5605,0.602,0.134,0.113
1.844,1.572,0.695,0.859,0.142,0.546
1.304,1.14011859893799,0.5605,0.602,0.134,0.113
1.304,1.14011859893799,0.5605,0.602,0.134,0.113
1.304,1.14011859893799,0.5605,0.602,0.134,0.113
1.304,1.14011859893799,0.5605,0.602,0.134,0.113
0.519,0.702,0.496,0.488,0.287,0.135
1.899,1.497,0.532,0.677,0.242,0.31
1.304,1.14011859893799,0.5605,0.602,0.134,0.113
1.304,1.14011859893799,0.5605,0.602,0.134,0.113
1.304,1.14011859893799,0.5605,0.602,0.134,0.113
1.304,1.14011859893799,0.5605,0.602,0.134,0.113
1.304,1.14011859893799,0.5605,0.602,0.134,0.113
0.67,0.54,0.092,0.371,0.193,0.051
1.037,0.707,0.362,0.424,0.058,0.064
1.275,0.832,0.595,0.564,0.045,0.001
1.304,1.14011859893799,0.5605,0.602,0.134,0.113
1.304,1.14011859893799,0.5605,0.602,0.134,0.113
0.0,1.493,0.515,0.702,0.154,0.117
1.304,1.14011859893799,0.5605,0.602,0.134,0.113
1.304,1.14011859893799,0.5605,0.602,0.134,0.113
1.304,1.14011859893799,0.5605,0.602,0.134,0.113
1.036,1.187,0.436,0.862,0.134,0.079
1.304,1.14011859893799,0.5605,0.602,0.134,0.113
1.793,1.232,0.728,0.689,0.123,0.333
1.462,1.044,0.615,0.546,0.131,0.134
1.304,1.14011859893799,0.5605,0.602,0.134,0.113
1.304,1.14011859893799,0.5605,0.602,0.134,0.113
1.304,1.14011859893799,0.5605,0.602,0.134,0.113
1.304,1.14011859893799,0.5605,0.602,0.134,0.113
1.304,1.14011859893799,0.5605,0.602,0.134,0.113
1.304,1.14011859893799,0.5605,0.602,0.134,0.113
1.298,0.976,0.667,0.596,0.079,0.053
1.695,1.019,0.897,0.664,0.176,0.547
0.631,1.482,0.375,0.447,0.066,0.106
1.304,1.14011859893799,0.5605,0.602,0.134,0.113
1.377,0.806,0.801,0.503,0.196,0.2
1.304,1.14011859893799,0.5605,0.602,0.134,0.113
1.304,1.14011859893799,0.5605,0.602,0.134,0.113
0.899,0.476,0.424,0.185,0.195,0.125
1.304,1.14011859893799,0.5605,0.602,0.134,0.113
1.304,1.14011859893799,0.5605,0.602,0.134,0.113
1.304,1.14011859893799,0.5605,0.602,0.134,0.113
1.304,1.14011859893799,0.5605,0.602,0.134,0.113
1.304,1.14011859893799,0.5605,0.602,0.134,0.113
1.304,1.14011859893799,0.5605,0.602,0.134,0.113
1.069,1.109,0.638,0.693,0.208,0.025
1.361,1.184,0.472,0.779,0.399,0.055
0.943856000900269,1.14300358295441,0.745418548583984,0.0839437991380692,0.118915013968945,0.129190653562546
1.304,1.14011859893799,0.5605,0.602,0.134,0.113
1.815,1.539,0.532,0.707,0.144,0.113
1.411,1.055,0.747,0.664,0.275,0.183
1.304,1.14011859893799,0.5605,0.602,0.134,0.113
1.304,1.14011859893799,0.5605,0.602,0.134,0.113
0.849,0.693,0.074,0.323,0.067,0.147
1.304,1.14011859893799,0.5605,0.602,0.134,0.113
1.304,1.14011859893799,0.5605,0.602,0.134,0.113
1.422,1.224,0.426,0.539,0.12,0.086
1.304,1.14011859893799,0.5605,0.602,0.134,0.113
1.304,1.14011859893799,0.5605,0.602,0.134,0.113
1.211,0.977,0.488,0.722,0.292,0.16
1.304,1.14011859893799,0.5605,0.602,0.134,0.113
1.377,0.765,0.801,0.464,0.178,0.061
1.907,1.106,0.764,0.492,0.049,0.204
1.304,1.14011859893799,0.5605,0.602,0.134,0.113
1.915,1.638,0.939,1.105,0.093,0.491
1.538,1.003,0.577,0.606,0.084,0.179
1.471,1.42,0.609,1.146,0.07,0.08
1.304,1.14011859893799,0.5605,0.602,0.134,0.113
1.304,1.14011859893799,0.5605,0.602,0.134,0.113
1.304,1.14011859893799,0.5605,0.602,0.134,0.113
1.304,1.14011859893799,0.5605,0.602,0.134,0.113
1.304,1.14011859893799,0.5605,0.602,0.134,0.113
0.240560382604599,0.747984945774078,0.203953966498375,0.382027685642242,0.257647007703781,0.0479409359395504
1.304,1.14011859893799,0.5605,0.602,0.134,0.113
1.689,0.938,0.62,0.654,0.213,0.126
1.021,0.866,0.615,0.554,0.1,0.063
0.891720712184906,1.15480089187622,0.610437035560608,0.568161427974701,0.542646527290344,0.0382786132395267
1.565,1.249,0.693,0.599,0.189,0.124
1.863,1.555,0.653,0.891,0.049,0.113
1.019,0.732,0.505,0.74,0.166,0.068
1.047,1.456,0.5605,0.618,0.055,0.081
1.304,1.14011859893799,0.5605,0.602,0.134,0.113
1.438,0.924,0.638,0.69,0.138,0.049
1.272,0.787,0.593,0.593,0.109,0.188
1.304,1.14011859893799,0.5605,0.602,0.134,0.113
1.304,1.14011859893799,0.5605,0.602,0.134,0.113
0.543,0.556,0.159,0.425,0.205,0.058
1.239,0.654,0.479,0.679,0.197,0.184
0.366244703531265,0.352428436279297,0.328062951564789,0.405839890241623,0.196670427918434,0.12593187391758
1.304,1.14011859893799,0.5605,0.602,0.134,0.113
1.304,1.14011859893799,0.5605,0.602,0.134,0.113
1.304,1.14011859893799,0.5605,0.602,0.134,0.113
1.304,1.14011859893799,0.5605,0.602,0.134,0.113
1.109,1.292,0.385,0.66,0.148,0.218
1.304,1.14011859893799,0.5605,0.602,0.134,0.113
1.616,1.425,0.678,0.874,0.152,0.024
1.304,1.14011859893799,0.5605,0.602,0.134,0.113
1.304,1.14011859893799,0.5605,0.602,0.134,0.113
1.304,1.14011859893799,0.5605,0.602,0.134,0.113
1.304,1.14011859893799,0.5605,0.602,0.134,0.113
1.304,1.14011859893799,0.5605,0.602,0.134,0.113
1.304,1.14011859893799,0.5605,0.602,0.134,0.113
1.304,1.14011859893799,0.5605,0.602,0.134,0.113
1.304,1.14011859893799,0.5605,0.602,0.134,0.113
1.304,1.14011859893799,0.5605,0.602,0.134,0.113
1.304,1.14011859893799,0.5605,0.602,0.134,0.113
0.921,0.665,0.145,0.464,0.134,0.136
1.304,1.14011859893799,0.5605,0.602,0.134,0.113
1.304,1.14011859893799,0.5605,0.602,0.134,0.113
1.304,1.14011859893799,0.5605,0.602,0.134,0.113
1.304,1.14011859893799,0.5605,0.602,0.134,0.113
1.304,1.14011859893799,0.5605,0.602,0.134,0.113
1.19244122505188,1.45323252677917,0.842615008354187,0.576664805412292,0.125136747956276,0.201766818761826
0.954,0.647,0.426,0.446,0.069,0.092
1.501,1.079,0.753,0.647,0.302,0.384
1.304,1.14011859893799,0.5605,0.602,0.134,0.113
1.39077425003052,1.47240340709686,1.04053318500519,0.628954470157623,0.269055753946304,0.407945901155472
1.054,0.692,0.405,0.8,0.131,0.052
0.284734427928925,0.64667135477066,0.374366730451584,0.169297516345978,0.463909655809402,0.161935672163963
0.989,1.245,0.38,0.639,0.17,0.028
1.767,1.647,0.841,0.857,0.164,0.285
1.304,1.14011859893799,0.5605,0.602,0.134,0.113
1.304,1.14011859893799,0.5605,0.602,0.134,0.113
1.304,1.14011859893799,0.5605,0.602,0.134,0.113
0.924,0.242,0.124,0.481,0.114,0.253
1.304,1.14011859893799,0.5605,0.602,0.134,0.113
1.032,1.125,0.269,0.46,0.4,0.194
1.304,1.14011859893799,0.5605,0.602,0.134,0.113
1.783,1.698,0.889,0.952,0.17,0.467
1.304,1.14011859893799,0.5605,0.602,0.134,0.113
1.815,0.909,0.819,0.448,0.123,0.062
1.304,1.14011859893799,0.5605,0.602,0.134,0.113
0.294,0.173,0.227,0.257,0.463,0.139
1.304,1.14011859893799,0.5605,0.602,0.134,0.113
1.304,1.14011859893799,0.5605,0.602,0.134,0.113
0.874742686748505,0.872167706489563,0.781156718730927,0.235860556364059,0.055881142616272,0.0438995733857155
0.831,0.622,0.236,0.521,0.21,0.107
1.304,1.14011859893799,0.5605,0.602,0.134,0.113
0.82753974199295,1.06483519077301,0.215585827827454,0.299935787916183,0.0672648325562477,0.146765872836113
1.304,1.14011859893799,0.5605,0.602,0.134,0.113
2.167,1.471,1.059,0.98,0.145,0.512
1.35,1.065,0.612,0.476,0.056,0.073
1.304,1.14011859893799,0.5605,0.602,0.134,0.113
0.256990551948547,0.882678687572479,0.353247880935669,0.403419524431229,0.42598968744278,0.158093795180321
1.033,0.854,0.453,0.653,0.144,0.097
1.304,1.14011859893799,0.5605,0.602,0.134,0.113
1.304,1.14011859893799,0.5605,0.602,0.134,0.113
1.304,1.14011859893799,0.5605,0.602,0.134,0.113
1.304,1.14011859893799,0.5605,0.602,0.134,0.113
1.304,1.14011859893799,0.5605,0.602,0.134,0.113
1.304,1.14011859893799,0.5605,0.602,0.134,0.113
1.304,1.14011859893799,0.5605,0.602,0.134,0.113
1.566,1.079,0.816,0.653,0.204,0.413
1.766,1.454,0.598,0.533,0.044,0.116
1.304,1.14011859893799,0.5605,0.602,0.134,0.113
1.304,1.14011859893799,0.5605,0.602,0.134,0.113
1.304,1.14011859893799,0.5605,0.602,0.134,0.113
1.304,1.14011859893799,0.5605,0.602,0.134,0.113
1.304,1.14011859893799,0.5605,0.602,0.134,0.113
1.304,1.14011859893799,0.5605,0.602,0.134,0.113
1.232,0.853,0.257,0.715,0.185,0.162
1.561,1.373,0.661,0.797,0.109,0.123
1.304,1.14011859893799,0.5605,0.602,0.134,0.113
1.517,1.272,0.511,0.73,0.086,0.196
1.304,1.14011859893799,0.5605,0.602,0.134,0.113
1.304,1.14011859893799,0.5605,0.602,0.134,0.113
1.304,1.14011859893799,0.5605,0.602,0.134,0.113
1.304,1.14011859893799,0.5605,0.602,0.134,0.113
1.644,1.092,0.753,0.606,0.238,0.367
1.304,1.14011859893799,0.5605,0.602,0.134,0.113
0.669,0.409,0.052,0.438,0.177,0.092
1.304,1.14011859893799,0.5605,0.602,0.134,0.113
1.304,1.14011859893799,0.5605,0.602,0.134,0.113
1.304,1.14011859893799,0.5605,0.602,0.134,0.113
0.266,0.503,0.341,0.207,0.185,0.087
1.304,1.14011859893799,0.5605,0.602,0.134,0.113
1.304,1.14011859893799,0.5605,0.602,0.134,0.113
1.304,1.14011859893799,0.5605,0.602,0.134,0.113
1.871,1.552,1.036,0.857,0.112,0.167
1.155,0.891,0.637,0.397,0.166,0.081
0.666,0.749,0.273,0.218,0.119,0.133
0.244553208351135,0.823694348335266,0.500617027282715,0.192967548966408,0.1911900639534,0.0762486383318901
1.304,1.14011859893799,0.5605,0.602,0.134,0.113
1.177,1.385,0.315,0.966,0.075,0.11
1.435,1.504,0.55,0.879,0.057,0.118
1.08,0.578,0.288,0.547,0.12,0.164
1.304,1.14011859893799,0.5605,0.602,0.134,0.113
1.304,1.14011859893799,0.5605,0.602,0.134,0.113
1.304,1.14011859893799,0.5605,0.602,0.134,0.113
1.304,1.14011859893799,0.5605,0.602,0.134,0.113
1.025,1.024,0.283,0.768,0.176,0.051
1.304,1.14011859893799,0.5605,0.602,0.134,0.113
1.389,0.949,0.838,0.504,0.02,0.192
1.304,1.14011859893799,0.5605,0.602,0.134,0.113
1.457,1.5,0.615,0.866,0.063,0.186
1.304,1.14011859893799,0.5605,0.602,0.134,0.113
1.304,1.14011859893799,0.5605,0.602,0.134,0.113
1.949,1.412,0.831,1.042,0.096,0.196
1.213,0.782,0.189,0.729,0.056,0.128
1.304,1.14011859893799,0.5605,0.602,0.134,0.113
1.304,1.14011859893799,0.5605,0.602,0.134,0.113
1.24,1.187,0.329,0.648,0.103,0.06
1.902,1.711,0.863,0.962,0.168,0.425
1.304,1.14011859893799,0.5605,0.602,0.134,0.113
1.304,1.14011859893799,0.5605,0.602,0.134,0.113
1.434,0.82,0.668,0.558,0.054,0.21
1.159,0.674,0.252,0.685,0.175,0.111
1.304,1.14011859893799,0.5605,0.602,0.134,0.113
0.777,0.875,0.418,0.402,0.222,0.066
1.24231791496277,1.48721837997437,1.00813829898834,0.646789908409119,0.325726211071014,0.461268275976181
0.981107711791992,1.37485361099243,0.939635336399078,0.645017743110657,0.131266310811043,0.0963620916008949
0.635,0.52,0.514,0.603,0.161,0.164
1.304,1.14011859893799,0.5605,0.602,0.134,0.113
1.323,1.364,0.551,0.71,0.05,0.021
1.304,1.14011859893799,0.5605,0.602,0.134,0.113
1.665,1.155,0.385,0.659,0.222,0.122
1.304,1.14011859893799,0.5605,0.602,0.134,0.113
1.304,1.14011859893799,0.5605,0.602,0.134,0.113
1.115,1.015,0.697,0.575,0.204,0.073
1.053,1.01,0.438,0.771,0.139,0.025
1.331,1.267,0.539,0.843,0.094,0.16
1.391,1.349,0.828,0.786,0.032,0.158
1.304,1.14011859893799,0.5605,0.602,0.134,0.113
1.797,1.61,0.512,0.94,0.103,0.097
1.838,1.169,0.789,0.679,0.174,0.166
1.484,1.319,0.516,0.649,0.314,0.032
1.304,1.14011859893799,0.5605,0.602,0.134,0.113
1.304,1.14011859893799,0.5605,0.602,0.134,0.113
1.732,1.221,0.637,0.502,0.075,0.09
1.304,1.14011859893799,0.5605,0.602,0.134,0.113
0.997548997402191,1.08569478988647,0.494101732969284,0.509089410305023,0.033407486975193,0.101786367595196
1.304,1.14011859893799,0.5605,0.602,0.134,0.113
0.703,0.787,0.593,0.578,0.241,0.083
1.304,1.14011859893799,0.5605,0.602,0.134,0.113
0.785,0.621,0.369,0.367,0.388,0.103
1.134,0.966,0.722,0.673,0.105,0.083
1.304,1.14011859893799,0.5605,0.602,0.134,0.113
1.304,1.14011859893799,0.5605,0.602,0.134,0.113
1.304,1.14011859893799,0.5605,0.602,0.134,0.113
1.304,1.14011859893799,0.5605,0.602,0.134,0.113
1.726,1.28,0.423,0.631,0.044,0.0
1.07366394996643,1.39566683769226,0.763389408588409,0.590838134288788,0.186894550919533,0.0840882286429405
1.448,1.086,0.633,1.089,0.047,0.289
1.465,1.102,0.411,0.281,0.229,0.13
1.393,0.94,0.798,0.379,0.133,0.047
1.533,1.03,0.621,0.554,0.252,0.154
1.571,1.318,0.587,0.632,0.11,0.132
1.63,1.549,0.47,0.702,0.095,0.125
1.304,1.14011859893799,0.5605,0.602,0.134,0.113
1.304,1.14011859893799,0.5605,0.602,0.134,0.113
1.304,1.14011859893799,0.5605,0.602,0.134,0.113
1.304,1.14011859893799,0.5605,0.602,0.134,0.113
1.304,1.14011859893799,0.5605,0.602,0.134,0.113
1.304,1.14011859893799,0.5605,0.602,0.134,0.113
1.265,0.768,0.607,0.666,0.089,0.212
1.304,1.14011859893799,0.5605,0.602,0.134,0.113
1.304,1.14011859893799,0.5605,0.602,0.134,0.113
1.76,1.671,0.837,0.837,0.217,0.115
1.384,1.169,0.314,0.663,0.422,0.038
1.304,1.14011859893799,0.5605,0.602,0.134,0.113
0.37,0.0,0.126,0.0,0.122,0.01
1.537,1.577,0.711,0.779,0.093,0.085
1.01885449886322,1.38713932037354,0.75258857011795,0.290755867958069,0.0899330601096153,0.193607434630394
1.304,1.14011859893799,0.5605,0.602,0.134,0.113
1.304,1.14011859893799,0.5605,0.602,0.134,0.113
1.304,1.14011859893799,0.5605,0.602,0.134,0.113
1.664,1.406,0.702,1.015,0.061,0.188
1.304,1.14011859893799,0.5605,0.602,0.134,0.113
1.304,1.14011859893799,0.5605,0.602,0.134,0.113
1.304,1.14011859893799,0.5605,0.602,0.134,0.113
0.988044381141663,1.10639750957489,0.522574841976166,0.369459897279739,0.0520136021077633,0.0558045394718647
1.008,0.529,0.646,0.491,0.168,0.024
1.304,1.14011859893799,0.5605,0.602,0.134,0.113
1.733,1.535,0.832,0.743,0.099,0.264
1.032,0.605,0.401,0.44,0.322,0.082
0.775120675563812,1.24538171291351,0.602189481258392,0.62191516160965,0.129260212182999,0.130385726690292
1.304,1.14011859893799,0.5605,0.602,0.134,0.113
1.304,1.14011859893799,0.5605,0.602,0.134,0.113
1.304,1.14011859893799,0.5605,0.602,0.134,0.113
1.825,1.748,0.82,0.955,0.15,0.488
1.304,1.14011859893799,0.5605,0.602,0.134,0.113
1.304,1.14011859893799,0.5605,0.602,0.134,0.113
1.304,1.14011859893799,0.5605,0.602,0.134,0.113
1.304,1.14011859893799,0.5605,0.602,0.134,0.113
0.852,0.897,0.574,0.284,0.078,0.072
1.304,1.14011859893799,0.5605,0.602,0.134,0.113
1.304,1.14011859893799,0.5605,0.602,0.134,0.113
0.531,0.784,0.105,0.375,0.183,0.068
1.988,1.659,0.823,0.906,0.179,0.382
1.149,0.86,0.316,0.914,0.141,0.12
1.471,1.041,0.087,0.48,0.021,0.071
0.954,0.786,0.433,0.598,0.541,0.046
1.862,1.316,0.88,1.031,0.11,0.167
1.582,0.989,0.017,0.86,0.022,0.093
0.619,0.673,0.301,0.546,0.178,0.075
1.543,1.108,0.782,0.703,0.249,0.427
1.222,1.228,0.559,0.955,0.054,0.264
1.38,1.513,0.587,0.777,0.039,0.051
0.454938739538193,1.08894002437592,0.100934810936451,0.40936753153801,0.102627642452717,0.0504838228225708
1.304,1.14011859893799,0.5605,0.602,0.134,0.113
1.304,1.14011859893799,0.5605,0.602,0.134,0.113
1.10902428627014,1.31126487255096,0.900575578212738,0.381456881761551,0.113998979330063,0.0123250056058168
1.304,1.14011859893799,0.5605,0.602,0.134,0.113
1.815,1.26,0.715,0.66,0.158,0.048
1.304,1.14011859893799,0.5605,0.602,0.134,0.113
1.881,1.617,0.718,0.819,0.258,0.182
1.304,1.14011859893799,0.5605,0.602,0.134,0.113
1.304,1.14011859893799,0.5605,0.602,0.134,0.113
1.12040162086487,1.19443809986115,0.792294859886169,0.53485232591629,0.0681816190481186,0.00082956883125
1.304,1.14011859893799,0.5605,0.602,0.134,0.113
1.666,1.595,0.63,0.79,0.021,0.169
1.304,1.14011859893799,0.5605,0.602,0.134,0.113
1.459,0.738,0.396,0.343,0.032,0.099
0.476413398981094,0.905077755451202,0.536312758922577,0.519180536270142,0.393902093172073,0.0672010779380798
1.304,1.14011859893799,0.5605,0.602,0.134,0.113
0.757,0.736,0.378,0.576,0.097,0.153
1.304,1.14011859893799,0.5605,0.602,0.134,0.113
1.304,1.14011859893799,0.5605,0.602,0.134,0.113
1.304,1.14011859893799,0.5605,0.602,0.134,0.113
0.279,0.377,0.1,0.408,0.243,0.047
1.304,1.14011859893799,0.5605,0.602,0.134,0.113
1.304,1.14011859893799,0.5605,0.602,0.134,0.113
1.785,1.313,0.692,0.363,0.046,0.099
1.304,1.14011859893799,0.5605,0.602,0.134,0.113
1.238,1.108,0.286,0.714,0.104,0.141
1.754,1.519,0.435,0.501,0.105,0.065
0.785,0.133,0.462,0.621,0.187,0.544
1.304,1.14011859893799,0.5605,0.602,0.134,0.113
1.304,1.14011859893799,0.5605,0.602,0.134,0.113
0.598763585090637,1.18666410446167,0.791989982128143,0.568148076534271,0.256528198719025,0.0868071019649506
1.304,1.14011859893799,0.5605,0.602,0.134,0.113
1.304,1.14011859893799,0.5605,0.602,0.134,0.113
1.304,1.14011859893799,0.5605,0.602,0.134,0.113
1.304,1.14011859893799,0.5605,0.602,0.134,0.113
0.30246764421463,0.929385900497437,0.312833875417709,0.322398155927658,0.186390608549118,0.12640805542469
1.304,1.14011859893799,0.5605,0.602,0.134,0.113
1.425,1.088,0.361,0.442,0.089,0.046
1.036,0.779,0.381,0.904,0.078,0.105
1.304,1.14011859893799,0.5605,0.602,0.134,0.113
1.26672410964966,1.33233869075775,1.07288134098053,0.495465874671936,0.0357117801904678,0.181439638137817
0.508,0.895,0.498,0.548,0.152,0.247
0.57,0.56,0.326,0.571,0.165,0.145
1.26,0.809,0.59,0.236,0.097,0.104
1.304,1.14011859893799,0.5605,0.602,0.134,0.113
1.304,1.14011859893799,0.5605,0.602,0.134,0.113
0.636,0.67,0.309,0.405,0.178,0.08
1.389,1.369,0.322,0.537,0.078,0.034
1.304,1.14011859893799,0.5605,0.602,0.134,0.113
1.0089635848999,1.51047694683075,0.612448036670685,0.515236675739288,0.323129326105118,0.0335038900375366
1.304,1.14011859893799,0.5605,0.602,0.134,0.113
0.174103006720543,0.92073392868042,0.392284274101257,0.405943095684052,0.226967871189117,0.0511398762464523
1.388,1.146,0.094,0.697,0.018,0.083
1.748,1.54,0.525,1.054,0.07,0.194
1.304,1.14011859893799,0.5605,0.602,0.134,0.113
0.979,1.027,0.281,0.567,0.215,0.104
1.304,1.14011859893799,0.5605,0.602,0.134,0.113
1.942,1.488,0.545,0.672,0.251,0.394
0.71469384431839,0.987391889095306,0.486378282308578,0.612027287483215,0.272667109966278,0.194273963570595
1.478,1.062,0.763,0.685,0.244,0.448
1.392,0.498,0.631,0.103,0.082,0.034
1.304,1.14011859893799,0.5605,0.602,0.134,0.113
1.304,1.14011859893799,0.5605,0.602,0.134,0.113
1.304,1.14011859893799,0.5605,0.602,0.134,0.113
1.3265016078949,1.547567486763,1.00084340572357,0.661980748176575,0.362330228090286,0.144540771842003
1.304,1.14011859893799,0.5605,0.602,0.134,0.113
1.304,1.14011859893799,0.5605,0.602,0.134,0.113
1.304,1.14011859893799,0.5605,0.602,0.134,0.113
1.304,1.14011859893799,0.5605,0.602,0.134,0.113
1.304,1.14011859893799,0.5605,0.602,0.134,0.113
1.304,1.14011859893799,0.5605,0.602,0.134,0.113
1.428,1.05,0.416,0.434,0.074,0.057
0.756,0.685,0.274,0.483,0.173,0.179
0.918549180030823,1.2084059715271,0.824444174766541,0.51321005821228,0.0916118174791336,0.0270326603204012
1.39,1.153,0.499,0.549,0.073,0.027
1.617,1.445,0.435,0.683,0.102,0.254
1.304,1.14011859893799,0.5605,0.602,0.134,0.113
1.304,1.14011859893799,0.5605,0.602,0.134,0.113
0.808262407779694,1.03457689285278,0.775857269763947,0.378075808286667,0.107225738465786,0.104618184268475
1.304,1.14011859893799,0.5605,0.602,0.134,0.113
1.304,1.14011859893799,0.5605,0.602,0.134,0.113
1.885,1.336,0.696,0.703,0.214,0.305
1.304,1.14011859893799,0.5605,0.602,0.134,0.113
0.51318097114563,1.34103667736053,0.680645883083344,0.614617764949799,0.301370739936829,0.030466690659523
0.90487277507782,1.45893061161041,0.615788161754608,0.355703115463257,0.263885736465454,0.0465331263840199
1.304,1.14011859893799,0.5605,0.602,0.134,0.113
1.304,1.14011859893799,0.5605,0.602,0.134,0.113
1.304,1.14011859893799,0.5605,0.602,0.134,0.113
1.458,1.093,0.56,0.601,0.023,0.341
0.779,0.565,0.32,0.382,0.186,0.126
1.278,1.044,0.383,0.713,0.079,0.222
1.304,1.14011859893799,0.5605,0.602,0.134,0.113
1.698,1.712,0.815,0.861,0.167,0.429
1.242,0.879,0.518,0.798,0.207,0.093
1.304,1.14011859893799,0.5605,0.602,0.134,0.113
1.9,1.203,0.772,0.676,0.258,0.341
1.304,1.14011859893799,0.5605,0.602,0.134,0.113
1.304,1.14011859893799,0.5605,0.602,0.134,0.113
1.304,1.14011859893799,0.5605,0.602,0.134,0.113
1.304,1.14011859893799,0.5605,0.602,0.134,0.113
1.304,1.14011859893799,0.5605,0.602,0.134,0.113
0.534,0.665,0.262,0.473,0.189,0.072
1.304,1.14011859893799,0.5605,0.602,0.134,0.113
1.304,1.14011859893799,0.5605,0.602,0.134,0.113
1.304,1.14011859893799,0.5605,0.602,0.134,0.113
1.304,1.14011859893799,0.5605,0.602,0.134,0.113
1.288,1.372,0.454,0.918,0.323,0.044
1.949,1.548,0.537,0.734,0.208,0.525
0.761,0.614,0.174,0.286,0.332,0.033
0.792,0.483,0.311,0.35,0.128,0.042
1.304,1.14011859893799,0.5605,0.602,0.134,0.113
1.304,1.14011859893799,0.5605,0.602,0.134,0.113
1.178,0.996,0.574,0.59,0.153,0.096
1.304,1.14011859893799,0.5605,0.602,0.134,0.113
0.965,0.871,0.118,0.405,0.144,0.059
1.304,1.14011859893799,0.5605,0.602,0.134,0.113
1.304,1.14011859893799,0.5605,0.602,0.134,0.113
1.099,0.724,0.34,0.539,0.027,0.088
1.304,1.14011859893799,0.5605,0.602,0.134,0.113
0.793,1.114,0.25,0.451,0.283,0.101
1.304,1.14011859893799,0.5605,0.602,0.134,0.113
1.535,1.293,0.907,1.045,0.186,0.082
1.295,1.075,0.531,1.123,0.148,0.088
1.304,1.14011859893799,0.5605,0.602,0.134,0.113
1.706,1.54,0.638,0.566,0.096,0.058
1.304,1.14011859893799,0.5605,0.602,0.134,0.113
1.304,1.14011859893799,0.5605,0.602,0.134,0.113
1.304,1.14011859893799,0.5605,0.602,0.134,0.113
1.304,1.14011859893799,0.5605,0.602,0.134,0.113
1.81,1.249,0.769,0.685,0.118,0.115
1.304,1.14011859893799,0.5605,0.602,0.134,0.113
1.304,1.14011859893799,0.5605,0.602,0.134,0.113
1.948,1.49,0.876,0.948,0.145,0.349
1.353,1.511,0.4,0.501,0.237,0.055
1.304,1.14011859893799,0.5605,0.602,0.134,0.113
1.262,0.983,0.594,0.593,0.059,0.189
2.026,1.226,0.822,0.677,0.147,0.461
1.304,1.14011859893799,0.5605,0.602,0.134,0.113
1.42420732975006,1.49517250061035,1.00807189941406,0.670200884342194,0.28798508644104,0.434100568294525
1.049,0.413,0.374,0.448,0.181,0.112
1.388,0.732,0.548,0.469,0.041,0.254
1.304,1.14011859893799,0.5605,0.602,0.134,0.113
1.099,0.764,0.244,0.32,0.13,0.195
1.304,1.14011859893799,0.5605,0.602,0.134,0.113
1.304,1.14011859893799,0.5605,0.602,0.134,0.113
1.304,1.14011859893799,0.5605,0.602,0.134,0.113
1.224,0.556,0.489,0.564,0.144,0.071
1.304,1.14011859893799,0.5605,0.602,0.134,0.113
1.304,1.14011859893799,0.5605,0.602,0.134,0.113
1.41,1.411,0.038,0.67,0.048,0.058
1.304,1.14011859893799,0.5605,0.602,0.134,0.113
1.304,1.14011859893799,0.5605,0.602,0.134,0.113
0.914,0.89,0.095,0.545,0.189,0.08
1.164,0.882,0.48,0.922,0.114,0.113
1.304,1.14011859893799,0.5605,0.602,0.134,0.113
1.304,1.14011859893799,0.5605,0.602,0.134,0.113
0.845,0.79,0.519,0.638,0.163,0.105
0.817,0.873,0.616,0.679,0.124,0.091
1.304,1.14011859893799,0.5605,0.602,0.134,0.113
1.304,1.14011859893799,0.5605,0.602,0.134,0.113
1.304,1.14011859893799,0.5605,0.602,0.134,0.113
1.304,1.14011859893799,0.5605,0.602,0.134,0.113
0.50395804643631,0.899726450443268,0.270189553499222,0.439242482185364,0.198020100593567,0.0543934218585491
1.105,1.029,0.617,0.617,0.168,0.212
1.122,1.01,0.493,0.916,0.145,0.164
1.111,0.885,0.555,0.582,0.202,0.076
1.304,1.14011859893799,0.5605,0.602,0.134,0.113
1.069,0.6,0.321,0.542,0.144,0.074
1.631,1.026,0.782,1.014,0.106,0.06
1.304,1.14011859893799,0.5605,0.602,0.134,0.113
1.304,1.14011859893799,0.5605,0.602,0.134,0.113
0.933,0.53,0.447,0.494,0.143,0.081
1.304,1.14011859893799,0.5605,0.602,0.134,0.113
1.304,1.14011859893799,0.5605,0.602,0.134,0.113
1.622,1.457,0.556,0.733,0.149,0.12
1.304,1.14011859893799,0.5605,0.602,0.134,0.113
1.304,1.14011859893799,0.5605,0.602,0.134,0.113
1.18,1.476,0.783,0.602,0.085,0.336
1.304,1.14011859893799,0.5605,0.602,0.134,0.113
1.304,1.14011859893799,0.5605,0.602,0.134,0.113
0.42,0.399,0.206,0.384,0.25,0.111
1.304,1.14011859893799,0.5605,0.602,0.134,0.113
1.304,1.14011859893799,0.5605,0.602,0.134,0.113
1.283,1.465,0.142,0.676,0.064,0.043
1.304,1.14011859893799,0.5605,0.602,0.134,0.113
0.300705850124359,0.356433838605881,0.266051530838013,0.0,0.135234713554382,0.0012257853522896
0.982018709182739,1.0114666223526,0.529350697994232,0.283588051795959,0.153002068400383,0.0731649920344353
1.536,1.227,0.351,0.623,0.083,0.195
1.23639607429504,1.34729599952698,1.02250492572784,0.321305572986603,0.170266211032867,0.0401455983519554
1.304,1.14011859893799,0.5605,0.602,0.134,0.113
1.304,1.14011859893799,0.5605,0.602,0.134,0.113
1.304,1.14011859893799,0.5605,0.602,0.134,0.113
1.164,1.042,0.649,0.625,0.128,0.223
0.935,0.806,0.64,0.56,0.107,0.062
1.839,1.614,0.604,0.644,0.171,0.161
1.304,1.14011859893799,0.5605,0.602,0.134,0.113
1.304,1.14011859893799,0.5605,0.602,0.134,0.113
1.304,1.14011859893799,0.5605,0.602,0.134,0.113
1.304,1.14011859893799,0.5605,0.602,0.134,0.113
1.304,1.14011859893799,0.5605,0.602,0.134,0.113
0.415620774030685,0.723232805728912,0.437383323907852,0.181028231978416,0.258538275957108,0.100048534572124
1.57,1.358,0.49,0.641,0.123,0.118
1.304,1.14011859893799,0.5605,0.602,0.134,0.113
1.304,1.14011859893799,0.5605,0.602,0.134,0.113
1.304,1.14011859893799,0.5605,0.602,0.134,0.113
1.304,1.14011859893799,0.5605,0.602,0.134,0.113
1.304,1.14011859893799,0.5605,0.602,0.134,0.113
1.304,1.14011859893799,0.5605,0.602,0.134,0.113
1.646,1.143,0.54,0.829,0.226,0.119
1.403,0.758,0.801,0.353,0.134,0.135
1.304,1.14011859893799,0.5605,0.602,0.134,0.113
0.649,0.0,0.155,0.0,0.075,0.135
1.304,1.14011859893799,0.5605,0.602,0.134,0.113
1.296,1.045,0.646,0.567,0.08,0.053
1.304,1.14011859893799,0.5605,0.602,0.134,0.113
1.33894634246826,1.46364593505859,0.975675344467163,0.613626480102539,0.33631756901741,0.368569761514664
1.571,1.315,0.446,0.991,0.181,0.11
0.921,0.0,0.176,0.0,0.079,0.131
1.304,1.14011859893799,0.5605,0.602,0.134,0.113
1.304,1.14011859893799,0.5605,0.602,0.134,0.113
1.573,1.023,0.659,0.46,0.135,0.077
1.304,1.14011859893799,0.5605,0.602,0.134,0.113
0.785179197788239,1.14011859893799,0.777624726295471,0.424855083227158,0.0914947688579559,0.151878625154495
0.845,0.675,0.565,0.615,0.116,0.16
1.822,1.667,0.844,0.86,0.186,0.344
1.447,1.044,0.798,0.648,0.246,0.335
1.304,1.14011859893799,0.5605,0.602,0.134,0.113
1.304,1.14011859893799,0.5605,0.602,0.134,0.113
1.42483365535736,1.24477982521057,0.776468932628632,0.570261418819427,0.13275109231472,0.1128149330616
1.07100045681,1.42508113384247,0.856928884983063,0.594267070293427,0.132143691182137,0.193425074219704
1.304,1.14011859893799,0.5605,0.602,0.134,0.113
1.304,1.14011859893799,0.5605,0.602,0.134,0.113
1.304,1.14011859893799,0.5605,0.602,0.134,0.113
1.417,1.428,0.149,0.464,0.09,0.019
0.544,0.929,0.278,0.6,0.151,0.061
1.72,1.348,0.84,0.612,0.108,0.041
1.14139544963837,1.41439878940582,0.77790242433548,0.329198807477951,0.0754079446196556,0.0903915241360664
1.304,1.14011859893799,0.5605,0.602,0.134,0.113
1.304,1.14011859893799,0.5605,0.602,0.134,0.113
0.968,0.672,0.317,0.397,0.152,0.074
1.304,1.14011859893799,0.5605,0.602,0.134,0.113
2.022,1.565,0.935,0.856,0.164,0.522
1.304,1.14011859893799,0.5605,0.602,0.134,0.113
1.304,1.14011859893799,0.5605,0.602,0.134,0.113
1.304,1.14011859893799,0.5605,0.602,0.134,0.113
1.304,1.14011859893799,0.5605,0.602,0.134,0.113
0.89,0.651,0.3,0.9,0.121,0.115
1.304,1.14011859893799,0.5605,0.602,0.134,0.113
1.304,1.14011859893799,0.5605,0.602,0.134,0.113
1.304,1.14011859893799,0.5605,0.602,0.134,0.113
1.304,1.14011859893799,0.5605,0.602,0.134,0.113
1.304,1.14011859893799,0.5605,0.602,0.134,0.113
1.304,1.14011859893799,0.5605,0.602,0.134,0.113
1.304,1.14011859893799,0.5605,0.602,0.134,0.113
1.304,1.14011859893799,0.5605,0.602,0.134,0.113
0.89,0.685,0.583,0.455,0.079,0.15
1.179,1.615,0.654,0.977,0.195,0.208
1.304,1.14011859893799,0.5605,0.602,0.134,0.113
1.304,1.14011859893799,0.5605,0.602,0.134,0.113
1.304,1.14011859893799,0.5605,0.602,0.134,0.113
0.312337428331375,1.05232739448547,0.378311663866043,0.401682555675507,0.264807373285294,0.0638188421726227
1.20865249633789,1.46467769145966,0.932548046112061,0.646700143814087,0.145701497793198,0.0765163227915764
1.304,1.14011859893799,0.5605,0.602,0.134,0.113
1.183,1.152,0.038,0.428,0.054,0.13
1.304,1.14011859893799,0.5605,0.602,0.134,0.113
1.695,1.743,0.824,0.74,0.144,0.193
1.549,1.532,0.419,0.76,0.111,0.001
1.304,1.14011859893799,0.5605,0.602,0.134,0.113
1.097,1.263,0.542,0.793,0.133,0.251
1.824,1.604,0.692,0.99,0.105,0.353
1.304,1.14011859893799,0.5605,0.602,0.134,0.113
1.304,1.14011859893799,0.5605,0.602,0.134,0.113
1.304,1.14011859893799,0.5605,0.602,0.134,0.113
1.304,1.14011859893799,0.5605,0.602,0.134,0.113
0.588,0.489,0.28,0.677,0.115,0.136
1.304,1.14011859893799,0.5605,0.602,0.134,0.113
0.364,0.718,0.24,0.398,0.267,0.054
1.842,1.346,0.65,0.649,0.068,0.202
1.304,1.14011859893799,0.5605,0.602,0.134,0.113
1.304,1.14011859893799,0.5605,0.602,0.134,0.113
1.02846562862396,1.37254369258881,0.849773705005646,0.520840346813202,0.0701004713773727,0.0604150593280792
0.178741365671158,0.955202877521515,0.324223637580872,0.560775339603424,0.220422104001045,0.163064315915108
1.304,1.14011859893799,0.5605,0.602,0.134,0.113
1.304,1.14011859893799,0.5605,0.602,0.134,0.113
1.213,0.471,0.495,0.631,0.042,0.082
1.304,1.14011859893799,0.5605,0.602,0.134,0.113
1.304,1.14011859893799,0.5605,0.602,0.134,0.113
0.488,0.367,0.279,0.202,0.241,0.101
1.2525132894516,1.44295692443848,0.97204202413559,0.633239030838013,0.341180831193924,0.178864076733589
1.12699961662292,1.37864410877228,0.680445909500122,0.399499595165253,0.0990419164299965,0.0456993617117405
1.304,1.14011859893799,0.5605,0.602,0.134,0.113
1.304,1.14011859893799,0.5605,0.602,0.134,0.113
1.304,1.14011859893799,0.5605,0.602,0.134,0.113
1.304,1.14011859893799,0.5605,0.602,0.134,0.113
1.304,1.14011859893799,0.5605,0.602,0.134,0.113
1.304,1.14011859893799,0.5605,0.602,0.134,0.113
1.304,1.14011859893799,0.5605,0.602,0.134,0.113
1.304,1.14011859893799,0.5605,0.602,0.134,0.113
1.304,1.14011859893799,0.5605,0.602,0.134,0.113
1.304,1.14011859893799,0.5605,0.602,0.134,0.113
0.848,1.013,0.233,0.872,0.131,0.107
1.304,1.14011859893799,0.5605,0.602,0.134,0.113
1.95,1.57,1.027,1.07,0.149,0.447
1.304,1.14011859893799,0.5605,0.602,0.134,0.113
1.304,1.14011859893799,0.5605,0.602,0.134,0.113
1.304,1.14011859893799,0.5605,0.602,0.134,0.113
1.304,1.14011859893799,0.5605,0.602,0.134,0.113
1.636,0.979,0.847,0.935,0.058,0.198
1.304,1.14011859893799,0.5605,0.602,0.134,0.113
0.544634938240051,1.07142603397369,0.587904334068298,0.674940347671509,0.233342081308365,0.0728375017642975
1.304,1.14011859893799,0.5605,0.602,0.134,0.113
1.854,1.029,0.625,0.693,0.199,0.155
0.748940408229828,1.14939761161804,0.752730011940002,0.524043917655945,0.11893630027771,0.11703035235405
1.304,1.14011859893799,0.5605,0.602,0.134,0.113
0.914,1.555,0.658,0.602,0.085,0.342
1.304,1.14011859893799,0.5605,0.602,0.134,0.113
1.304,1.14011859893799,0.5605,0.602,0.134,0.113
1.377,0.972,0.326,0.467,0.038,0.25
1.304,1.14011859893799,0.5605,0.602,0.134,0.113
2.141,1.355,0.708,0.801,0.146,0.432
1.304,1.14011859893799,0.5605,0.602,0.134,0.113
0.985,0.888,0.542,0.536,0.137,0.013
1.304,1.14011859893799,0.5605,0.602,0.134,0.113
1.304,1.14011859893799,0.5605,0.602,0.134,0.113
1.738,1.417,0.639,0.6,0.081,0.175
1.304,1.14011859893799,0.5605,0.602,0.134,0.113
1.304,1.14011859893799,0.5605,0.602,0.134,0.113
1.304,1.14011859893799,0.5605,0.602,0.134,0.113
1.304,1.14011859893799,0.5605,0.602,0.134,0.113
0.808,0.598,0.33,0.643,0.268,0.179
0.937,0.807,0.483,0.593,0.356,0.014
0.867,0.71,0.393,0.38,0.118,0.116
1.304,1.14011859893799,0.5605,0.602,0.134,0.113
1.304,1.14011859893799,0.5605,0.602,0.134,0.113
1.304,1.14011859893799,0.5605,0.602,0.134,0.113
1.304,1.14011859893799,0.5605,0.602,0.134,0.113
0.620033144950867,1.27081274986267,0.803093254566193,0.560117304325104,0.212871477007866,0.174084573984146
1.304,1.14011859893799,0.5605,0.602,0.134,0.113
1.304,1.14011859893799,0.5605,0.602,0.134,0.113
0.748,0.85,0.232,0.487,0.096,0.131
1.304,1.14011859893799,0.5605,0.602,0.134,0.113
1.304,1.14011859893799,0.5605,0.602,0.134,0.113
1.304,1.14011859893799,0.5605,0.602,0.134,0.113
1.304,1.14011859893799,0.5605,0.602,0.134,0.113
1.724,1.526,0.852,0.641,0.082,0.071
1.678,1.55,0.921,0.746,0.014,0.2
1.335,1.083,0.462,0.735,0.151,0.036
0.772,1.151,0.373,0.587,0.178,0.054
1.304,1.14011859893799,0.5605,0.602,0.134,0.113
1.892,1.258,0.775,0.736,0.109,0.534
1.304,1.14011859893799,0.5605,0.602,0.134,0.113
1.304,1.14011859893799,0.5605,0.602,0.134,0.113
1.304,1.14011859893799,0.5605,0.602,0.134,0.113
0.343242675065994,0.52287632226944,0.572383284568787,0.604087889194489,0.235704988241196,0.485542476177216
0.390007734298706,0.751365959644318,0.33365523815155,0.371878057718277,0.249490842223167,0.112204559147358
1.304,1.14011859893799,0.5605,0.602,0.134,0.113
0.686,0.416,0.273,0.387,0.202,0.055
1.304,1.14011859893799,0.5605,0.602,0.134,0.113
1.496,1.13,0.567,0.872,0.111,0.059
1.304,1.14011859893799,0.5605,0.602,0.134,0.113
0.947,0.69,0.27,0.329,0.106,0.105
1.304,1.14011859893799,0.5605,0.602,0.134,0.113
1.433,0.876,0.496,0.668,0.112,0.199
1.304,1.14011859893799,0.5605,0.602,0.134,0.113
1.749,1.783,0.824,0.986,0.11,0.502
0.848,0.566,0.275,0.334,0.214,0.116
1.304,1.14011859893799,0.5605,0.602,0.134,0.113
1.96,1.33,1.238,0.852,0.09,0.395
1.304,1.14011859893799,0.5605,0.602,0.134,0.113
0.844,0.776,0.072,0.369,0.204,0.102
1.304,1.14011859893799,0.5605,0.602,0.134,0.113
1.042,1.075,0.256,0.566,0.201,0.019
1.304,1.14011859893799,0.5605,0.602,0.134,0.113
1.304,1.14011859893799,0.5605,0.602,0.134,0.113
0.709,0.908,0.318,0.767,0.093,0.114
1.304,1.14011859893799,0.5605,0.602,0.134,0.113
1.259,0.554,0.391,0.751,0.074,0.123
0.433,0.54,0.3,0.549,0.307,0.231
1.304,1.14011859893799,0.5605,0.602,0.134,0.113
1.304,1.14011859893799,0.5605,0.602,0.134,0.113
1.84,1.459,0.701,0.73,0.23,0.368
1.304,1.14011859893799,0.5605,0.602,0.134,0.113
1.304,1.14011859893799,0.5605,0.602,0.134,0.113
1.936,1.32,0.803,0.718,0.27,0.191
1.304,1.14011859893799,0.5605,0.602,0.134,0.113
1.391,1.519,0.48,0.83,0.089,0.127
1.039,0.572,0.442,0.682,0.085,0.144
1.304,1.14011859893799,0.5605,0.602,0.134,0.113
1.547,1.529,0.209,1.039,0.097,0.058
1.304,1.14011859893799,0.5605,0.602,0.134,0.113
1.709,1.357,0.903,0.678,0.1,0.139
0.587819218635559,1.19475555419922,0.61382657289505,0.298700749874115,0.0918162614107132,0.0719136521220207
0.730976343154907,1.14235055446625,0.662445664405823,0.574464499950409,0.138375073671341,0.0729426369071007
1.863,1.219,0.808,0.567,0.07,0.266
0.691,1.043,0.384,0.33,0.09,0.098
0.617,0.41,0.349,0.571,0.135,0.136
1.107,0.957,0.596,0.611,0.375,0.028
1.782,1.599,0.552,0.982,0.117,0.104
1.304,1.14011859893799,0.5605,0.602,0.134,0.113
1.061,1.439,0.417,0.735,0.234,0.018
1.304,1.14011859893799,0.5605,0.602,0.134,0.113
1.596,1.431,0.592,0.775,0.106,0.22
1.304,1.14011859893799,0.5605,0.602,0.134,0.113
1.465,1.318,0.587,0.621,0.246,0.0
1.12716925144196,1.19715917110443,0.781335294246674,0.254400759935379,0.0858855694532394,0.120983242988586
1.304,1.14011859893799,0.5605,0.602,0.134,0.113
1.786,1.354,0.785,0.632,0.023,0.219
1.725,1.562,0.779,0.872,0.211,0.318
1.304,1.14011859893799,0.5605,0.602,0.134,0.113
1.304,1.14011859893799,0.5605,0.602,0.134,0.113
1.304,1.14011859893799,0.5605,0.602,0.134,0.113
1.73,1.427,0.792,0.926,0.087,0.087
0.582,0.888,0.324,0.653,0.143,0.068
1.304,1.14011859893799,0.5605,0.602,0.134,0.113
1.16764152050018,1.40732622146606,0.658828556537628,0.552931129932404,0.199358254671097,0.0150783956050873
1.482,1.172,0.772,0.698,0.293,0.17
1.799,1.84,0.873,0.971,0.201,0.173
1.304,1.14011859893799,0.5605,0.602,0.134,0.113
1.904,0.983,0.747,0.617,0.087,0.147
1.758,1.174,0.712,0.523,0.124,0.14
1.458,1.537,0.544,0.637,0.13,0.007
1.304,1.14011859893799,0.5605,0.602,0.134,0.113
0.855,0.228,0.357,0.679,0.092,0.238
1.783,1.511,0.638,0.787,0.177,0.068
1.12259423732758,1.45326769351959,0.698788940906525,0.497432142496109,0.153713792562485,0.110463686287403
1.304,1.14011859893799,0.5605,0.602,0.134,0.113
1.304,1.14011859893799,0.5605,0.602,0.134,0.113
1.304,1.14011859893799,0.5605,0.602,0.134,0.113
1.24530065059662,1.13356053829193,1.02254259586334,0.25935634970665,0.170303866267204,0.0945962816476822
1.304,1.14011859893799,0.5605,0.602,0.134,0.113
1.477,1.127,0.704,0.615,0.087,0.084
1.878,1.501,0.724,0.838,0.221,0.524
0.753815710544586,1.17426705360413,0.7059525847435,0.613146722316742,0.170611664652824,0.0983603000640869
1.023,0.796,0.336,0.626,0.082,0.126
1.304,1.14011859893799,0.5605,0.602,0.134,0.113
1.304,1.14011859893799,0.5605,0.602,0.134,0.113
1.697,1.483,0.739,1.101,0.059,0.122
1.304,1.14011859893799,0.5605,0.602,0.134,0.113
1.304,1.14011859893799,0.5605,0.602,0.134,0.113
0.758,0.881,0.069,0.363,0.112,0.117
1.304,1.14011859893799,0.5605,0.602,0.134,0.113
1.259,0.797,0.587,0.624,0.27,0.064
1.304,1.14011859893799,0.5605,0.602,0.134,0.113
1.608,1.438,0.725,0.396,0.003,0.063
1.304,1.14011859893799,0.5605,0.602,0.134,0.113
1.227,1.347,0.375,0.74,0.26,0.208
1.357,0.866,0.554,1.065,0.134,0.174
1.304,1.14011859893799,0.5605,0.602,0.134,0.113
1.304,1.14011859893799,0.5605,0.602,0.134,0.113
1.084,1.47,0.646,0.912,0.103,0.271
0.573,0.677,0.293,0.615,0.145,0.147
1.304,1.14011859893799,0.5605,0.602,0.134,0.113
1.094,0.584,0.12,0.467,0.138,0.131
1.124,1.007,0.56,0.326,0.07,0.199
1.55,1.086,0.658,0.546,0.219,0.088
1.304,1.14011859893799,0.5605,0.602,0.134,0.113
1.304,1.14011859893799,0.5605,0.602,0.134,0.113
0.758,0.586,0.32,0.453,0.127,0.156
1.304,1.14011859893799,0.5605,0.602,0.134,0.113
1.304,1.14011859893799,0.5605,0.602,0.134,0.113
1.669,1.201,0.5,0.988,0.0,0.161
1.304,1.14011859893799,0.5605,0.602,0.134,0.113
0.757,1.051,0.416,0.54,0.182,0.1
1.304,1.14011859893799,0.5605,0.602,0.134,0.113
1.304,1.14011859893799,0.5605,0.602,0.134,0.113
1.785,1.625,0.776,0.858,0.148,0.351
1.722,1.528,0.596,0.581,0.123,0.067
1.98,1.096,0.71,1.071,0.149,0.228
1.37674605846405,1.24358427524567,1.13663065433502,0.459356516599655,0.28828090429306,0.332485437393188
1.304,1.14011859893799,0.5605,0.602,0.134,0.113
1.426,1.551,0.633,0.927,0.223,0.039
1.045,0.868,0.595,0.175,0.14,0.026
1.304,1.14011859893799,0.5605,0.602,0.134,0.113
1.304,1.14011859893799,0.5605,0.602,0.134,0.113
1.512,1.229,0.485,1.043,0.295,0.033
1.304,1.14011859893799,0.5605,0.602,0.134,0.113
0.914,0.128,0.284,0.567,0.112,0.252
0.666,0.713,0.341,0.601,0.52,0.178
1.304,1.14011859893799,0.5605,0.602,0.134,0.113
0.967,0.895,0.265,0.447,0.144,0.051
1.304,1.14011859893799,0.5605,0.602,0.134,0.113
1.00702929496765,1.34751951694489,0.793855845928192,0.609449803829193,0.376709014177322,0.0318378619849682
0.062487468123436,0.833055019378662,0.277212053537369,0.364622980356216,0.25432488322258,0.0814666450023651
1.304,1.14011859893799,0.5605,0.602,0.134,0.113
1.304,1.14011859893799,0.5605,0.602,0.134,0.113
1.304,1.14011859893799,0.5605,0.602,0.134,0.113
0.848,0.597,0.425,0.578,0.248,0.27
1.304,1.14011859893799,0.5605,0.602,0.134,0.113
1.304,1.14011859893799,0.5605,0.602,0.134,0.113
1.358,1.354,0.355,0.551,0.265,0.016
1.304,1.14011859893799,0.5605,0.602,0.134,0.113
1.65,1.716,0.642,0.902,0.128,0.378
1.304,1.14011859893799,0.5605,0.602,0.134,0.113
1.304,1.14011859893799,0.5605,0.602,0.134,0.113
1.818,1.233,0.608,0.965,0.03,0.034
1.304,1.14011859893799,0.5605,0.602,0.134,0.113
1.304,1.14011859893799,0.5605,0.602,0.134,0.113
0.352462649345398,0.973141729831696,0.234981521964073,0.377534449100494,0.169667050242424,0.0621462762355804
1.304,1.14011859893799,0.5605,0.602,0.134,0.113
1.468,1.068,0.665,0.448,0.244,0.006
1.304,1.14011859893799,0.5605,0.602,0.134,0.113
1.304,1.14011859893799,0.5605,0.602,0.134,0.113
1.651,1.08,0.748,0.46,0.124,0.069
1.728,1.368,0.699,0.757,0.047,0.035
1.182,1.482,0.104,0.564,0.052,0.056
1.304,1.14011859893799,0.5605,0.602,0.134,0.113
1.364,1.277,0.599,0.739,0.254,0.073
1.608,1.225,1.05,0.914,0.026,0.152
0.779058396816254,1.40828919410706,0.788434088230133,0.553124606609344,0.116268493235111,0.030147785320878
0.763,0.637,0.106,0.441,0.121,0.059
1.834,1.052,0.801,0.412,0.085,0.059
1.304,1.14011859893799,0.5605,0.602,0.134,0.113
0.606,0.796,0.258,0.759,0.122,0.137
1.629,1.469,0.567,0.62,0.083,0.006
1.304,1.14011859893799,0.5605,0.602,0.134,0.113
1.727,1.455,0.475,0.5,0.087,0.003
1.304,1.14011859893799,0.5605,0.602,0.134,0.113
1.304,1.14011859893799,0.5605,0.602,0.134,0.113
1.304,1.14011859893799,0.5605,0.602,0.134,0.113
1.304,1.14011859893799,0.5605,0.602,0.134,0.113
1.304,1.14011859893799,0.5605,0.602,0.134,0.113
1.30164766311646,1.43539190292358,1.02250194549561,0.644028127193451,0.281528919935226,0.351701855659485
1.304,1.14011859893799,0.5605,0.602,0.134,0.113
1.101,0.756,0.197,0.526,0.211,0.035
1.065,1.007,0.092,0.448,0.176,0.013
1.038,0.76,0.206,0.661,0.1,0.162
1.886,1.188,0.783,0.659,0.217,0.368
1.924,1.088,0.776,0.585,0.163,0.358
2.028,1.558,0.864,0.931,0.117,0.397
0.648,0.279,0.388,0.477,0.14,0.157
1.23,1.103,0.527,0.573,0.143,0.132
1.872,1.594,0.913,1.097,0.108,0.108
1.304,1.14011859893799,0.5605,0.602,0.134,0.113
1.274,0.786,0.197,0.259,0.038,0.154
1.743,1.566,0.714,0.915,0.105,0.187
1.16922914981842,1.31039977073669,0.868038475513458,0.557903528213501,0.0633742436766624,0.160541251301765
1.538,1.391,0.585,0.663,0.2,0.101
1.492,1.062,0.782,0.64,0.215,0.292
1.442,1.2,0.36,0.909,0.059,0.038
1.477,0.947,0.366,0.539,0.0,0.201
2.129,1.39,0.7,0.758,0.205,0.418
1.953,1.243,0.777,0.719,0.188,0.532
1.281,1.454,0.896,0.893,0.201,0.087
1.304,1.14011859893799,0.5605,0.602,0.134,0.113
1.445,1.554,0.371,0.966,0.059,0.082
1.453,1.076,0.801,0.647,0.291,0.317
1.812,1.294,0.659,0.934,0.165,0.235
0.975,1.144,0.446,0.569,0.322,0.163
1.983,1.164,0.563,0.815,0.209,0.258
1.304,1.14011859893799,0.5605,0.602,0.134,0.113
1.304,1.14011859893799,0.5605,0.602,0.134,0.113
1.274,0.831,0.522,0.662,0.112,0.115
0.984,0.784,0.499,0.519,0.237,0.13
1.304,1.14011859893799,0.5605,0.602,0.134,0.113
0.254,0.239,0.203,0.289,0.209,0.107
1.126,0.83,0.634,0.585,0.092,0.089
0.56,0.883,0.156,0.728,0.158,0.196
1.304,1.14011859893799,0.5605,0.602,0.134,0.113
1.304,1.14011859893799,0.5605,0.602,0.134,0.113
1.304,1.14011859893799,0.5605,0.602,0.134,0.113
1.251,1.039,0.703,0.453,0.111,0.0
1.945,1.206,0.787,0.651,0.271,0.419
2.129,1.166,0.779,0.627,0.19,0.408
1.502,1.108,0.763,0.686,0.208,0.485
0.995,0.63,0.343,0.82,0.135,0.253
1.751,1.003,0.76,0.639,0.166,0.353
0.578,0.66,0.191,0.593,0.185,0.2
0.646,0.819,0.434,0.33,0.082,0.075
1.324,0.724,0.675,0.476,0.058,0.2
0.77,0.642,0.161,0.367,0.149,0.136
1.03,0.47,0.498,0.488,0.032,0.181
0.628,0.0,0.242,0.0,0.091,0.088
1.547,1.303,0.498,0.722,0.222,0.008
0.818,0.791,0.035,0.928,0.155,0.218
0.943,0.727,0.231,0.519,0.142,0.06
1.277,1.083,0.466,0.999,0.122,0.081
1.304,1.14011859893799,0.5605,0.602,0.134,0.113
1.304,1.14011859893799,0.5605,0.602,0.134,0.113
1.304,1.14011859893799,0.5605,0.602,0.134,0.113
1.415,1.527,0.771,1.085,0.173,0.196
1.304,1.14011859893799,0.5605,0.602,0.134,0.113
1.304,1.14011859893799,0.5605,0.602,0.134,0.113
1.304,1.14011859893799,0.5605,0.602,0.134,0.113
0.771,0.851,0.0,0.523,0.082,0.085
1.44688677787781,1.47059643268585,0.975670695304871,0.587779939174652,0.295426994562149,0.373433262109756
1.463,0.998,0.747,0.489,0.088,0.187
1.43,1.269,0.548,0.685,0.13,0.142
1.594,1.6,0.717,0.876,0.041,0.042
0.935371994972229,1.18317353725433,0.802994132041931,0.410224586725235,0.18586353957653,0.0245950594544411
1.304,1.14011859893799,0.5605,0.602,0.134,0.113
1.304,1.14011859893799,0.5605,0.602,0.134,0.113
1.304,1.14011859893799,0.5605,0.602,0.134,0.113
0.504061818122864,0.954593420028687,0.518391907215118,0.352400898933411,0.16439713537693,0.0818659365177155
0.645,0.0,0.087,0.0,0.093,0.059
1.304,1.14011859893799,0.5605,0.602,0.134,0.113
1.296,1.565,0.759,1.108,0.142,0.102
1.736,1.232,0.707,0.479,0.118,0.025
1.304,1.14011859893799,0.5605,0.602,0.134,0.113
0.0,1.321,0.491,0.518,0.192,0.086
0.873,0.791,0.306,0.676,0.157,0.098
1.304,1.14011859893799,0.5605,0.602,0.134,0.113
1.304,1.14011859893799,0.5605,0.602,0.134,0.113
1.304,1.14011859893799,0.5605,0.602,0.134,0.113
1.37,1.09,0.703,0.58,0.052,0.046
1.304,1.14011859893799,0.5605,0.602,0.134,0.113
1.304,1.14011859893799,0.5605,0.602,0.134,0.113
1.853,1.188,0.603,0.446,0.112,0.163
1.766,1.471,0.729,0.619,0.119,0.177
1.505,0.863,0.637,0.488,0.215,0.031
1.304,1.14011859893799,0.5605,0.602,0.134,0.113
1.55,1.169,0.389,0.632,0.086,0.115
1.646,1.56,0.822,0.879,0.04,0.034
1.304,1.14011859893799,0.5605,0.602,0.134,0.113
1.304,1.14011859893799,0.5605,0.602,0.134,0.113
1.304,1.14011859893799,0.5605,0.602,0.134,0.113
1.304,1.14011859893799,0.5605,0.602,0.134,0.113
1.304,1.14011859893799,0.5605,0.602,0.134,0.113
1.304,1.14011859893799,0.5605,0.602,0.134,0.113
1.304,1.14011859893799,0.5605,0.602,0.134,0.113
1.93,1.293,0.693,1.055,0.143,0.171
0.457163125276566,0.872674643993378,0.442677855491638,0.509343087673187,0.271540910005569,0.203880861401558
1.304,1.14011859893799,0.5605,0.602,0.134,0.113
1.037,0.895,0.353,0.519,0.282,0.069
1.304,1.14011859893799,0.5605,0.602,0.134,0.113
1.439,0.646,0.719,0.511,0.138,0.028
1.223,0.984,0.44,0.279,0.071,0.041
1.304,1.14011859893799,0.5605,0.602,0.134,0.113
1.475,1.277,0.569,0.58,0.194,0.015
1.304,1.14011859893799,0.5605,0.602,0.134,0.113
1.731,1.544,0.472,0.494,0.128,0.022
1.472,1.175,0.38,1.034,0.076,0.094
1.304,1.14011859893799,0.5605,0.602,0.134,0.113
1.173,1.356,0.346,0.817,0.067,0.052
1.304,1.14011859893799,0.5605,0.602,0.134,0.113
1.304,1.14011859893799,0.5605,0.602,0.134,0.113
1.304,1.14011859893799,0.5605,0.602,0.134,0.113
1.217,1.179,0.488,0.719,0.1,0.061
1.758,1.356,0.537,0.693,0.031,0.037
1.304,1.14011859893799,0.5605,0.602,0.134,0.113
1.304,1.14011859893799,0.5605,0.602,0.134,0.113
1.304,1.14011859893799,0.5605,0.602,0.134,0.113
1.304,1.14011859893799,0.5605,0.602,0.134,0.113
1.304,1.14011859893799,0.5605,0.602,0.134,0.113
1.304,1.14011859893799,0.5605,0.602,0.134,0.113
1.504,1.622,0.579,0.824,0.048,0.083
1.304,1.14011859893799,0.5605,0.602,0.134,0.113
1.304,1.14011859893799,0.5605,0.602,0.134,0.113
1.304,1.14011859893799,0.5605,0.602,0.134,0.113
1.304,1.14011859893799,0.5605,0.602,0.134,0.113
1.304,1.14011859893799,0.5605,0.602,0.134,0.113
1.304,1.14011859893799,0.5605,0.602,0.134,0.113
1.079,0.732,0.3,0.444,0.175,0.038
0.978,0.988,0.436,0.45,0.401,0.174
1.304,1.14011859893799,0.5605,0.602,0.134,0.113
1.304,1.14011859893799,0.5605,0.602,0.134,0.113
1.304,1.14011859893799,0.5605,0.602,0.134,0.113
1.822,1.326,0.672,0.713,0.267,0.351
1.304,1.14011859893799,0.5605,0.602,0.134,0.113
1.304,1.14011859893799,0.5605,0.602,0.134,0.113
1.415,0.934,0.66,0.529,0.15,0.079
0.918395459651947,1.20398652553558,0.813928186893463,0.305365741252899,0.264005243778229,0.0011724870419129
1.304,1.14011859893799,0.5605,0.602,0.134,0.113
1.208,0.268,0.565,0.492,0.02,0.102
1.304,1.14011859893799,0.5605,0.602,0.134,0.113
1.505,1.168,0.835,0.86,0.058,0.085
1.16880083084106,1.33953034877777,0.979315280914307,0.589895188808441,0.0530369468033314,0.0277334656566381
0.603,0.508,0.385,0.483,0.375,0.073
1.304,1.14011859893799,0.5605,0.602,0.134,0.113
0.937864303588867,1.40228760242462,0.914439558982849,0.548203647136688,0.224198251962662,0.0719064921140671
1.304,1.14011859893799,0.5605,0.602,0.134,0.113
1.304,1.14011859893799,0.5605,0.602,0.134,0.113
1.304,1.14011859893799,0.5605,0.602,0.134,0.113
1.304,1.14011859893799,0.5605,0.602,0.134,0.113
1.304,1.14011859893799,0.5605,0.602,0.134,0.113
1.304,1.14011859893799,0.5605,0.602,0.134,0.113
1.304,1.14011859893799,0.5605,0.602,0.134,0.113
1.304,1.14011859893799,0.5605,0.602,0.134,0.113
1.36,1.093,0.722,0.69,0.122,0.085
1.304,1.14011859893799,0.5605,0.602,0.134,0.113
1.304,1.14011859893799,0.5605,0.602,0.134,0.113
1.304,1.14011859893799,0.5605,0.602,0.134,0.113
2.146,1.558,0.936,1.032,0.172,0.364
1.304,1.14011859893799,0.5605,0.602,0.134,0.113
1.304,1.14011859893799,0.5605,0.602,0.134,0.113
1.714,1.402,0.475,0.63,0.065,0.036
1.304,1.14011859893799,0.5605,0.602,0.134,0.113
1.467,0.612,0.595,0.508,0.0,0.208
1.09766781330109,1.37614929676056,0.878546535968781,0.579849779605865,0.0972073078155518,0.0542305260896683
1.304,1.14011859893799,0.5605,0.602,0.134,0.113
1.664,1.491,0.389,0.628,0.136,0.149
1.116,0.286,0.592,0.92,0.11,0.132
1.304,1.14011859893799,0.5605,0.602,0.134,0.113
1.304,1.14011859893799,0.5605,0.602,0.134,0.113
0.966,1.005,0.518,0.572,0.118,0.304
0.113,0.168,0.298,0.484,0.213,0.134
0.387,0.59,0.11,0.384,0.164,0.072
1.707,1.384,0.704,0.926,0.092,0.127
1.304,1.14011859893799,0.5605,0.602,0.134,0.113
0.839,1.018,0.126,0.888,0.116,0.165
1.304,1.14011859893799,0.5605,0.602,0.134,0.113
1.285,1.047,0.587,0.405,0.082,0.089
1.191,0.9,0.348,0.821,0.094,0.055
1.304,1.14011859893799,0.5605,0.602,0.134,0.113
1.1,0.865,0.45,0.304,0.088,0.138
1.421,1.081,0.804,0.536,0.092,0.235
1.499,1.521,0.617,0.761,0.095,0.13
1.304,1.14011859893799,0.5605,0.602,0.134,0.113
1.304,1.14011859893799,0.5605,0.602,0.134,0.113
1.361,1.179,0.586,0.583,0.144,0.031
1.304,1.14011859893799,0.5605,0.602,0.134,0.113
1.821,1.331,0.505,0.809,0.112,0.133
1.304,1.14011859893799,0.5605,0.602,0.134,0.113
1.304,1.14011859893799,0.5605,0.602,0.134,0.113
1.304,1.14011859893799,0.5605,0.602,0.134,0.113
1.304,1.14011859893799,0.5605,0.602,0.134,0.113
1.304,1.14011859893799,0.5605,0.602,0.134,0.113
0.575862467288971,0.966367959976196,0.432162255048752,0.477290064096451,0.261291205883026,0.0565703809261322
1.304,1.14011859893799,0.5605,0.602,0.134,0.113
0.840081989765167,1.24573814868927,0.406871169805527,0.444598972797394,0.0764544829726219,0.0543203428387642
1.35,0.596,0.656,0.316,0.029,0.029
1.304,1.14011859893799,0.5605,0.602,0.134,0.113
1.952,1.517,0.704,0.835,0.224,0.484
1.304,1.14011859893799,0.5605,0.602,0.134,0.113
1.382,0.883,0.539,0.62,0.468,0.047
1.304,1.14011859893799,0.5605,0.602,0.134,0.113
0.176534727215767,0.530368089675903,0.446163296699524,0.487389832735062,0.213185057044029,0.131633952260017
1.304,1.14011859893799,0.5605,0.602,0.134,0.113
0.57,0.885,0.0,0.625,0.161,0.192
1.32694852352142,1.50344920158386,0.979332566261292,0.665039896965027,0.242793396115303,0.495260328054428
1.19483768939972,1.4243311882019,0.853465259075165,0.423542529344559,0.116729773581028,0.0112914405763149
1.101,0.924,0.634,0.482,0.189,0.066
1.304,1.14011859893799,0.5605,0.602,0.134,0.113
